id;ruc;razon social;rubro;representante_legal;direccion;telefono;celular;correo;Sector;Rama
1;20531476311;AGRICOLA LEON DEL NORTE EIRL;Venta de fertilizantes;Maria Sonia Llontop Pacheco ;Jr. Guepi N∞ 166 - Morales;(042) 521112;942016081 / 968488237;agricolaleon@hotmail.com; SECTOR COMERCIO ;Productos Agropecuarios y Agroveterinarias
2;20479983527;CONSORCIO RAYMONDI  E.I.R.L.;Productos Agricolas / Productos veterinarios;Yeni Tuesta Lozano;Jr. Gregorio Delgado N∞ 294 - Tarapoto;(042) 521154;942710268;consorcioraymondi294@gmail.com; SECTOR COMERCIO ;Productos Agropecuarios y Agroveterinarias
3;20450391531;INVERSIONES MANRIQUE E.I.R.L;Productos Agricolas;Delicia Zuta Sandoval                      ;Jr. Orellana N∞ 173 - Tarapoto;;942455478;inv.manrique_eirl@hotmail.com; SECTOR COMERCIO ;Productos Agropecuarios y Agroveterinarias
4;20531390866;INVERSIONES SANTA TERESITA  E.I.R.L;Venta de fertilizantes;Maria µvila  Edquen Campos ;Carretera Fernando Belaunde Terry S/N - San Hilarion - Picota ;(042) 524103;942624046;inversionesantateresita@hotmail.com  info@isteresita.com; SECTOR COMERCIO ;Productos Agropecuarios y Agroveterinarias
5;20494043956;ALIMENTOS BALANCEADOS EXTRUSADOS S.R.L.;Productos Agricolas y veterinarios;"Carlos Fernando S†nchez Laurel
Ayllon  de  Sanchez  Betty  Luz";Jr. AndrÇs A. C†ceres N∞ 426 - Tarapoto;(042) 528483;931701110   942604900;"csanchez@alibex.com.pe
"; SECTOR COMERCIO ;Productos Agropecuarios y Agroveterinarias
6;20572267149;AGRO COMERCIALIZADORA AP E.I.E.L.;Venta al por Mayor de Materias primas Agropecuarios;Armando Pinchi Ugarte;Jr. Los Proceres N∞ 437 - Tarapoto  -                         Jr. Los Cedros N∞ 498 - Morales;;924119609;armandopinchi@gmail.com; SECTOR COMERCIO ;Productos Agropecuarios y Agroveterinarias
7;20522061035;EXPORTADORA ROMEX S.A.;Venta al por Mayor de Materias primas Agropecuarios;Jose Joaquin San Martin Tudela            Jorge Luis Bocanegra Padilla;Carret. Tarapoto - Juanjui Km 2,5 - La Banda de Shilcayo;;976869559  937431024;jsanmartin@romex.com.pe  jbocanegrap@romex.com pe     duriarteo@romex.com.pe; SECTOR COMERCIO ;Productos Agropecuarios y Agroveterinarias
8;20493824563;M & L DISTRIBUIDORA E.I.R.L.;Distribuidor de productos lacteos embutidos yn secos;Wilfredo Garcia Pinedo                       Miryam Giovanny Cardenas Mu§oz de Garcia;Jr. Jose Olaya N∞ 1384 - Tarapoto;042-523814;988 837 869;wilfredogarciap@hotmail.com miryamgiova@hotmail.com Yaritazaguevara_93@hotmail.com; SECTOR COMERCIO ;Productos Agropecuarios y Agroveterinarias
9;20404342593;COMERCIAL EL SOL E.I.R.L.;Venta de Abarrotes al por mayor y menor;Carmen Augusta Mostacero Ch†vez              Hermes Espinoza Mostacero                                               ;Jr. Antonio Raymondi N∞  397  - Tarapoto; (042) 529239;"942429900
998034828 ";comercial_elsol@hotmail.com      comercialelsol_contabilidad@hotmail.com; SECTOR COMERCIO ;Supermercados, minimarket, venta de abarrotes 
10;20489163684;COMERCIAL SAN JOSE S.R.L.;Abarrotes;Flores Pezo Dorith;Jr. Alonso de Alvarado N∞ 494 - Tarapoto;(042) 521462;949515980;comercialsanjose661@gmail.com; SECTOR COMERCIO ;Supermercados, minimarket, venta de abarrotes 
11;20531314256;"INVERSIONES RANEVA""S   S.R.L.";Abarrotes;Ra£l V†squez Soto;Jr. Aviacion N∞ 570 - Tarapoto;"(042)523355
";942691333;"raneva_tarapoto@speedy.com.pe
raulvaso@yahoo.com "; SECTOR COMERCIO ;Supermercados, minimarket, venta de abarrotes 
12;20494047943;CONSORCIO ARELLANO SAC;Abarrotes en General;Antonio Nestor Paredes Campos;Jr. Lima N∞ 720 - Tarapoto;(042)523208;942952249;consorcio-2828@hotmail.com; SECTOR COMERCIO ;Supermercados, minimarket, venta de abarrotes 
13;20531318910;PROVEEDUR÷A TAHUANTINSUYO  E.I.R.L.;Avicola;Marnith Garc°a Flores                     ;Jr. Tahuantinsuyo N∞ 338 - Tarapoto;(042)521813 ;;proveeduriatahuantinsuyo.tpp@gmail.com; SECTOR COMERCIO ;Comercializacion de Aves
14;20450497950;DON POLLO TROPICAL  S.A.C.;Avicola;Miguel Santillan Delgado    ;Jr. Martinez  de Compag§on N∞  1502 - Tarapoto;(042) 521021;948314123         998509170;" juanitaizquierdo@donpollo.pe     carlossantos@donpollo.pe
"; SECTOR COMERCIO ;Comercializacion de Aves
15;20531420285;GRUPO SELVA  S.A.C.;Avicola;Juli†n V†squez Ram°rez;Tahuantinsuyo N∞ 330 - Tarapoto;( 042) 520946 Anexo (103)    (042)521712      ;942695399;"gruposelvaadm@hotmail.com
grupo_selva@hotmail.com"; SECTOR COMERCIO ;Comercializacion de Aves
16;20494166012;CAFE PERALTA SAC;Comercializacion  de  Granos;"Gilmer Mas Padilla
David Peralta Padilla ";Jr. Ramon Castilla N∞ 1388 - Tarapoto;no tiene;"942 606 999       
995 692 254
999 256 261
968 362 779";"kimi_gp@yahoo.es
cafe.peralta@yahoo.com
daysine_15@hotmail.com"; SECTOR COMERCIO ;Comercializacion de Granos
17;10429701495; HIDALGO PAREDES DRODER LEONARDO;Comercializacion y transformacion de Madera;Droder Leonardo Hidalgo Paredes ;Av. V°a de Evitamiento Cdra 2  Lte 1 - Sector Chontamuyo - Banda de Shilcayo;no tiene;942 822 476;droble2250@hotmail.com; SECTOR COMERCIO ;Comercializacion de Madera y derivados
18;20404097343;SUPERMERCADOS LA INMACULADA  S.A.C.;Supermercado;"Lucas Reategui Flores
Rolando Reategui Flores";Jr. Mart°nez de Compag§on N∞  126 - Tarapoto;(042) 528487                             (042) 524249;942681240;"ventas@grupolainmaculada.com
carlos_angulo@grupolainmaculada.com
mikita105_2@hotmail.com
carlos.angulod@outlook.es
herklin_85@hotmail.com "; SECTOR COMERCIO ;Supermercados
19;20128967606;SOCOPUR S.A.C.;Venta de Motos y Repuestos;Paul Villegas Valera;Jr. Ramirez Hurtado N∞  297 - Tarapoto;(042) 523015                            ;976392069;"administrador.tarapoto@gruposcp.com
administracion.tarapoto@gruposcp.com"; SECTOR COMERCIO ;Venta de Maquinarias, equipos y veh°culos 
20;20446585771;S.W. TRACTOR PARTS S.C.R.L.;Venta Repuestos Maquinaria Pesada;Ing. Ricardo Saavedra Canal;Jr. Cabo A. Leveau  N∞ 171 - Tarapoto;(042)522482                          (042)524657;942473697;"tractorparts@speedy.com.pe
swtractorparts@terra.com.pe       saavedraimportaciones@hotmail.com"; SECTOR COMERCIO ;Venta de Maquinarias, equipos y veh°culos 
21;20450156028;INVERSIONES ROCA FUERTE  S.A.C.;Venta de Repuestos;Samuel Elias Escobedo Bustamante ;Jr. Juan Vargas N∞  195 - Tarapoto;(042) 522822                              ;942048024         942941128;"santos7777@hotmail.com
abigailes77@gmail.com                 samu9715@hotmail.com"; SECTOR COMERCIO ;Venta de Maquinarias, equipos y veh°culos 
22;10701589659;AREVALO TORRES LLERY  VERONICA;Venta de autopartes y repuestos;Arevalo Torres Llery Veronica;Jr. Circunvalacion Cumbaza N∞ 1260 - Morales;(042)520083;958351638;verito.love55@gmail.com; SECTOR COMERCIO ;Venta de Maquinarias, equipos y veh°culos 
23;20450184820;IMPORTADORA PAREDES ORTEGA   E.I.R.L;Venta de Repuestos;Darwin Paredes Lazo ;Jr. Martinez de Compag§on N∞ 361 - Tarapoto;(042)521370;942693412;importadora@paredesortega.com; SECTOR COMERCIO ;Venta de Maquinarias, equipos y veh°culos 
24;10188761114;WILSON JESÈS CHAVEZ ZARSOSA;Venta de Repuestos ;Wilson Jesus Ch†vez Zarsosa ;Av. Micaela Bastidas N∞ Tarapoto;no tiene;942682528;wjchavez_zarsosa@hotmail.com; SECTOR COMERCIO ;Venta de Maquinarias, equipos y veh°culos 
25;20404456173;SHIMIZU ORIENTE  S.A. ;Venta de Repuestos;Juan Antonio Shimizu Alarcon ;Jr. Moyobamba N∞ 170 - Tarapoto ;"042-522122
042-522096";942405083;juan_shimizu@hotmail.com; SECTOR COMERCIO ;Venta de Maquinarias, equipos y veh°culos 
26;20493905997;INVERSIONES MAYABI E.I.R.L.;Venta de autopartes y repuestos;"Nestor Jonny Calderon Silverio
Brendisvey Ivi Neira Paico";Jr. Cusco N∞ 458 - Tarapoto;(042)521926;942916015;; SECTOR COMERCIO ;Venta de Maquinarias, equipos y veh°culos 
27;20489117224;REPRESENTACIONES REPUESTOS DEL ORIENTE  E.I.R.L.;Venta de Repuestos;Oriol Zevallos ArÇvalo ;Jr. Alfonso Ugarte N∞   1000 - Tarapoto;(042)526098                  ;942666736;rrdeloriente@gmail.com; SECTOR COMERCIO ;Venta de Maquinarias, equipos y veh°culos 
28;20103967199;COMERCIAL INDUSTRIAL SELVA  S.A.;Venta de herramienta de agr°colas ;Judith Marianela Julon Cordova;Jr. Martinez de Compag§on  N∞ 449 - Tarapoto;(042) 524131;942930084;"judith.julon@comisesa.com.pe
administrador.tarapoto@comisesa.com "; SECTOR COMERCIO ;Venta de Maquinarias, equipos y veh°culos 
29;20488965965;COMERCIAL GUTIERREZ  S.R.L.;Venta de Repuestos;Nurinarda Gutierrez Ticona;Jr. Pedro de Urzua N∞ 390 - Tarapoto;(042) 524480;942941877;"hcg29peru@yahoo.com
noragutierrez56@hotmail.com"; SECTOR COMERCIO ;Venta de Maquinarias, equipos y veh°culos 
30;20103892598;CREAZIONI  S.A.;Venta y comercializacion de pernos y repuestos en gral;Wellintom S†nchez Pinedo ;Jr. Orellana N∞  197 - Tarapoto;(042) 523873;942 983 916;pertpp@yahoo.com; SECTOR COMERCIO ;Venta de Maquinarias, equipos y veh°culos 
31;20531499108;JIN JAPAN PARTÔS E.I.R.L.;Venta de autopartes y repuestos;Agustin Salda§a Watanave;Jr.Jimenez Pimentel N∞ 730 - Tarapoto;(042)528477;942 418 102;jinharuto@hotmail.com; SECTOR COMERCIO ;Venta de Maquinarias, equipos y veh°culos 
32;20450481875;GRUPO HECALIRO JIA S.A.C.;Venta de partes, repuestos en genral;Hector Raul Alvarez Panduro;Av. Via de Evitamiento N∞ 402 - Tarapoto;042-530939;942 019 818;grupohecairojiasac@hotmail.com mariainesrojashonorio@gmail.com jhoel.2711@gmail.com; SECTOR COMERCIO ;Venta de Maquinarias, equipos y veh°culos 
33;20531447132;"PERALTA MOTOR""S  E.I.R.L.";Venta de Motos y Repuestos;"Segundo Peralta Gonzales
Peralta Gonzales Ovidio";Jr. Orellana  N∞ 198 - Tarapoto;(042) 521148;"942 678658                    959 408 885
942 783 409";peralta_a5@hotmail.com; SECTOR COMERCIO ;Venta de Motocicletas
34;20450899080;YAMAHA MOTOR SELVA DEL PERU S.A.;Venta de Motos y Repuestos;Roger Castro  Rodriguez;Jr. Alfonso Ugarte N∞ 980 - Tarapoto;(042) 525566      ;956866644;"rcastror@yamaha.com.pe
ytarapoto1@yamaha.com.pe "; SECTOR COMERCIO ;Venta de Motocicletas
35;2049358645;HONDA SELVA DEL PERU S.A.;Fabricacion de Motocicletas ;Aurelio  Clark Leon Carrillo                                 Ruben Pumayauli Naupa;Carretera Iquitos Nauta Km 5,5 -  Iquitos - Loreto       Av Via de Evitamiento Cdra 25 - Banda de Shilcayo ;(01)4180418  Anex. 535;965884198;"ruben_pumayauli@honda.com.pe 
ana_manosalva@honda.com.pe 
edwar_reyna@honda.com.pe 
clark_leon@honda.com.pe "; SECTOR COMERCIO ;Venta de Motocicletas
36;20450106357;CONSORCIO  & ASOCIADOS  S.A.C.;Venta de Motos y Repuestos;Carlos Zamora Lopez                         Antionio Torres Fernandez;Jr. Pedro Urzua N∞ 333 - Tarapoto;(042)531274 ;;"roquemedina8.1@hotmail.com
consorciotarapoto@hotmail.com
eduar210266@hotmail.com"; SECTOR COMERCIO ;Venta de Motocicletas
37;20493190611;CORPORACI‡N CAYMAN  S.A.C.;Venta de Motos y Repuestos;"Wang Xiang Qing
Rodolfo Ernesto Ramirez Moreno";Jr. JimÇnez Pimentel N∞ 458 - Tarapoto;(042)532014                           (042)530721;990184267;rramirez@corpcayman.com   mseminario@corpcayman.com; SECTOR COMERCIO ;Venta de Motocicletas
38;20602288677;RIPPLE ORIENTE S.A.C;Venta Motos y Repuestos;Laura Cristina Canani Diaz                          Jorge Rios Hoyos;Jr. Jimenez Pimentel N∞  500 - Tarapoto;no tiene;961908090         973329077;"lauracananid@hotmail.com
haojintarapoto@gmail.com "; SECTOR COMERCIO ;Venta de Motocicletas
39;20531349475;CREDIVARGAS  S.A.C.;Venta  de motocicletas;"Vargas  Vasquez  Hipolito  Francisco
Jorge Francisco Vargas Ram°rez";Jr. Jimenez Pimentel N∞  901 - Tarapoto;(042)529226;961943481;"rvargas@credivargas.com
gmur@credivargas.com
alejandro.leon@credivargas.com "; SECTOR COMERCIO ;Venta de Motocicletas
40;20450384322;AUTONORT NOR ORIENTE   S.A.C.;Servicio Tecnico Automotriz;"Luis Alberto Carranza Torres
Renato Uchoa Delgado";Jr. Jimenez Pimenel N∞ 1002 - Tarapoto;"                                                 (042)527615                                    (042) 525240
";951867167;rulloa@autonort.com.pe; SECTOR COMERCIO ;Venta de Vehiculos Mayores, Maquinarias 
41;20450435920;MOTOR SHOW TARAPOTO S.A.C;Venta de Vehiculos y Autopartes;Walther John Arevalo Alvarado;Jr. Jimenez Pimentel N∞ 1245 - Tarapoto ;(042) 590796;942624959;johnarevalo123@gmail.com; SECTOR COMERCIO ;Venta de Vehiculos Mayores, Maquinarias 
42;20572230491;MORGILLO SELVA  SAC;Venta Repuestos Maquinaria Pesada;"Francesco Pascarella
Alfonso Ernesto  Martinez Dupont";Av. Via de Evitamiento S/N Cdra 28 - Banda de Shilcayo;no tiene;"994974243
976 080 995
944416509";"informes@kubota.pe
martinezdupont@kubota.pe
f.pascarella@kubota.pe"; SECTOR COMERCIO ;Venta de Vehiculos Mayores, Maquinarias 
43;20103913340;ORVISA SOCIEDAD AN‡NIMA ;Venta Repuestos Maquinaria Pesada;"Carlos David Sandoval Gronert
";Jr. Jimenez Pimentel N∞  1327 - Tarapoto;(042) 582430, anexo 3401;"942954202
941990170 ";"david.sandoval@orvisa.com.pe 
"; SECTOR COMERCIO ;Venta de Vehiculos Mayores, Maquinarias 
44;10010600338;REµTEGUI FLORES LUCAS ;Venta de Motos y Repuestos;Lucas Reategui Flores;Jr. Martinez de Compag§on N∞  225 - Tarapoto;(042)524642                                 (042)524911;942681240;"shimbatp@gmail.com
shimba@hotmail.com"; SECTOR COMERCIO ;Venta de Vehiculos Mayores, Maquinarias 
45;20450362434;INVERSIONES Y SERVICIOS GENERALES WHS E.I.R.L.;Venta Repuestos Maquinaria Pesada;Walter Huaman Soria;Jr. Limatambo N∞  332 - Tarapoto;(042) 59 0114;942 047 142;whuamans@insergewhs.pe; SECTOR COMERCIO ;Venta de Vehiculos Mayores, Maquinarias 
46;10008283686;BARBARAN YOMONA DOLITA ;Venta de eletrodomesticos;Barbaran Yomona Dolita ;Jr. Ciro Alegr°a N∞ 319 - Morales;(042)524796;942939898;barbaran04@hotmail.com; SECTOR COMERCIO ;Venta de ElectrodomÇsticos
47;20104108271;JUAN PABLO MORI  E.I.R.L.;Venta de eletrodomesticos;Juan Pablo Mori Reategui ;Jr. Ramirez Hurtado N∞ 165 - Tarapoto;(042) 522155;942694020               942624646 ;"jpmori@terra.com.pe
juanpablo.mori@jpmori.com                jorge.vasquez@jpmori.com"; SECTOR COMERCIO ;Venta de ElectrodomÇsticos
48;10011062381;IRMA PANDURO TORRES;Gasolineria;Irma Panduro Torres ;Jr. Shapaja N∞ 498 - Tarapoto;042-525094;942939630;"irma_991@hotmail.com
serviciosmorales01@gmail.com"; SECTOR COMERCIO ;Combustible, Lubricantes y Automotriz
49;20531343949;INVERSIONES ORO NEGRO  S.A.C.;Gasolineria;Juan Pablo Mori Reategui ;Jr. Tahuantinsuyo N∞ 102 - Tarapoto;042-523984;942620280;"
tequiero1986_6@hotmail.com"; SECTOR COMERCIO ;Combustible, Lubricantes y Automotriz
50;20100128218;PETROLEOS DEL PERÈ  PETROPERU S.A.;Gasolineria;Marcos Ramos Ayllon;Carretera Aeropuerto KM. 3;(042)522281   Anx. 58100;;"tarapoto@petroperu.com.pe
mramos@petroperu.com.pe      lmonroe@petroperu.com.pe"; SECTOR COMERCIO ;Combustible, Lubricantes y Automotriz
51;20231266993;SHILCAYO GRIFO  S.R.L.;Gasolineria;Alfonso Reategui Paredes  ;Carret. Mag. Sur/Cabo A. Leveau 282 - Bda. Shil;         (042) 524375              ;994551362   ofic.;"gerencia@shilcayogrifo.com.pe
contabilidad@shilcayogrifo.com.pe"; SECTOR COMERCIO ;Combustible, Lubricantes y Automotriz
52;20450423085;GRIFO CAROLINA SAC.;Gasolineria;"
Sonia Mercedes Iba§ez Ruiz";Jr. Martinez de compag§on N∞ 688- Tarapoto;no tiene;958997982;; SECTOR COMERCIO ;Combustible, Lubricantes y Automotriz
53;20404493885;SUMINISTROS DEL ORIENTE  S.R.L.;Venta Repuestos Automotriz;Angel Del µguila MelÇndez  ;Jr. Libertad N∞ 142. - Tarapoto;042-521350                                      ;942695037;"adelaguila@sorsa.pe
sorsa@sorsa.pe                  "; SECTOR COMERCIO ;Combustible, Lubricantes y Automotriz
54;20221965290;DISTRIBUIDORA GABY E.I.R LTDA;Gasolineria;"Manuel Cuarto Oliveira Estrella
Rosaura  Ruiz Sanchez de Oliveira";CAR. MARGINAL SUR KM. 2 Z.I. BANDA DE SHILCAYO (CERCA OFICINA DE PRONA);042-522077;942822700       942739417;distribuidoragaby@hotmail.com; SECTOR COMERCIO ;Combustible, Lubricantes y Automotriz
55;20601661552;DISTRIBUIDORA DE GAS DEL NOR ORIENTE S.A.C.;Gasolineria;Willy Ezequiel Najar Benites;Jr. Limatambo  N∞ 502 - Tarapoto;;943112149;willynajar@gmail.com; SECTOR COMERCIO ;Combustible, Lubricantes y Automotriz
56;20494008883;REPUESTOS Y REPRESENTACIONES JASHA E.I.R.L.;Servicio Tecnico Automotriz, Venta de Repuestos;Juan Antonio Shimizu Alarcon ;Av. Circunvalacion Cumbaza N∞ 1140 - Morales;(042)503807;942405083;juan_shimizu@hotmail.com; SECTOR COMERCIO ;Servicio Tecnico Automotriz
57;20103327378;CARPIO S.A.C.;Venta de Repuestos ;Luisa Del Carmen Carpio de Montenegro  Gustavo Andres Carpio Alvarez;Jr. Jimenez Pimentel N∞  891 - Tarapoto;(042)522368;979446263;"andres.gonzales@carpiosac.com.pe
gustavo.carpio@carpiosac.com.pe"; SECTOR COMERCIO ;Servicio Tecnico Automotriz
58;20600805097;SELVA PITS S.A.C;Venta Repuestos Automotriz;Zoila  Evelina del Socorro Olovarria de Ochoa;Carreteras Fernando Belaunde Terry NRO. S/N - Banda de Shilcayo;(042) 530596;;"facturacion_tarapoto@dgrupovertical.com
logistica@dgrupovertical.com"; SECTOR COMERCIO ;Servicio Tecnico Automotriz
59;20404371852;TOYOTAR SERVICE  S.A.C.;Servicio Tecnico Automotriz;Julio Uyejara Garc°a;Av.V°a de Evitamiento N∞ 1810 - Tarapoto;(042) 526070;942474646           945837842;toyotar@speedy.com.pe                    servicios@toyotar.com; SECTOR COMERCIO ;Servicio Tecnico Automotriz
60;20450148866;AUTOMOTRIZ VICTORIA  S.A.C.;Servicio Tecnico Automotriz;Armando Alvarado Flores; Av. Via de Evitamiento  N∞  210 - Tarapoto;(042) 521355;942781579;"armando.alvarado@autovictoria.com
autovictoria@hotmail.com"; SECTOR COMERCIO ;Servicio Tecnico Automotriz
61;20531596138;NEGOCIOS COCOLISO  EIRL.;Prendas de Vestir;Gedeon Garc°a Trigoso;Jr. Martinez de Compag§on N∞119 - Tarapoto;(042)527278;942740405;negocioscocoliso@gmail.com; SECTOR COMERCIO ;Bazar, Venta de Ropa y  Pasamaneria
62;20450222004;COMERCIAL SANDRA  S.A.C.;Pasamaneria ;Ayli Ochoa Linares de paucar;Jr. Martinez de Compag§on N∞ 138  - Tarapoto;(042)524419;942671487;ayliochoa@hotmail.com; SECTOR COMERCIO ;Bazar, Venta de Ropa y  Pasamaneria
63;10104537087;TE‡FILO CUBAS PêREZ ;Prendas de Vestir;Teofilo Cubas Perez ;Jr. Andres A. Caceres N∞  355 - Tarapoto;(042) 526129;942475906;; SECTOR COMERCIO ;Bazar, Venta de Ropa y  Pasamaneria
64;20542261103;PA•ALES KIDS  E.I.R.L.;Ropa para menores ;Rocio Esther Perez Araujo ;Jr. Alfonso Ugarte N∞  291 - Tarapoto;(042) 585404;;; SECTOR COMERCIO ;Bazar, Venta de Ropa y  Pasamaneria
65;20531547277;DISTRIBUIDORA PAJATEN  E.I.R.L.;Venta de lentes;"Ruben Dario Poma Meza
Rossamar  Ruiz Ruiz";Jr. Nicolas de Pierola N∞  289 - Tarapoto;042-503640;;pajaten_8@hotmail.com; SECTOR COMERCIO ;Bazar, Venta de Ropa y  Pasamaneria
66;20531588119;DETALLES ZAPATER÷A  E.I.R.L.;Zapateria;"JosÇ Luis Augusto Roa
Isis Oyarce Del Aguila";Jr. Lima N∞ 303 - Tarapoto;042-528764;942620484;"jlaugusto@detallesperu.pe
ioyarce@detallesperu.pe"; SECTOR COMERCIO ;Bazar, Venta de Ropa y  Pasamaneria
67;20450215644;BAZAR ZAPATER÷A LUCHITA  E.I.R.L.;Zapateria;Ricardo Pinedo Hidalgo ;Jr. Martinez de Compag§on N∞ 166 - Tarapoto;042-523160;942694250;rpr6@hotmail.com; SECTOR COMERCIO ;Bazar, Venta de Ropa y  Pasamaneria
68;20601788005;ZAPATERIA KIARA LIZETH VIP S.R.L.;Zapateria;Ricardo Ordo§ez Saavedra                     Kiara Lucero Ordo§ez Becerra;Jr. Gregorio Delgado N∞ 147 - Tarapoto;042-521132;942488690;zapateria_kiaralizeth@hotmail.com   kiara_lucero@hotmail.com; SECTOR COMERCIO ;Bazar, Venta de Ropa y  Pasamaneria
69;20603292813;MOREY GROUP E.I.R.L.;Venta al por mayor de productos textiles;Herman Fredy Morey Trigoso              Maria  Eugenia Fasanando del Aguila;Jr. Cabo Alberto Leveau N∞ 272 - Bda Shilcayo;042-586157;973328827;moreygroupeirl@gmail.com fredymoreygroup@gmail.com; SECTOR COMERCIO ;Bazar, Venta de Ropa y  Pasamaneria
70;20493880471;NAKAMURA  S.A.C.;Articulos para el Hogar;"Jorge Nakamura Hinostroza
";Jr. Manco Capac N∞  149 - Tarapoto;042-522054                                   042-522054;942830781;nakamuratarapoto@hotmail.com; SECTOR COMERCIO ;Utiles Diversos para el hogar
71;20542319543;CEDIPLAST PERÈ  S.A.C.;Descartables;"Max Henrry Valladolid Gonzales
Edilberto Valladolid Diaz ";Jr. Alonso de Alvarado #  499 - Tarapoto;(042)524187;942620199                                   Represent. 942694392;"cediplastperu@hotmail.com
grupovalladolid@hotmail.com"; SECTOR COMERCIO ;Utiles Diversos para el hogar
72;20600438922;INDUSTRIAS PLASTISELVA ;Plastiqueria;Jaime Jesus Ramirez Elera ;Jr. Alonso de Alvarado N∞ 477 - Tarapoto;;970923869;jesus-ramirez.e@hotmail.com; SECTOR COMERCIO ;Utiles Diversos para el hogar
73;20604297061;BIODEGRADIN SAC;PRODUCTOS BIODEGRADABLES;John Manuel Oviedo Cerda;Jr. Miguel Grau N∞ 1099 - Tarapoto;042-585642;984777477;biodegradin@hotmail.com; SECTOR COMERCIO ;Utiles Diversos para el hogar
74;10472825297;YURI ASOR MORENO DEL AGUILA;Productos Biodegradables;Yuri Asor Moreno Del Aguila;Jr. Leoncio Prado N∞ 1856 - Tarapoto;;942957135;bijao.pack@gmail.com; SECTOR COMERCIO ;Utiles Diversos para el hogar
75;10479960602;CARLOS ENRIQUE CCARHUASLLA CHAMPI;Venta de Articulos Plasticos;Carlos Enrique Ccarhuaslla Champi;Jr. Alonso de Alvarado N∞ 393 - Tarapoto;;988297863;enrique4164@hotmail.com; SECTOR COMERCIO ;Utiles Diversos para el hogar
76;20602860443;MR. LIMPIO S.A.C.;Articulos de Limpieza;Bessy Elena Beteta Bartra;Jr. Martin de la Riva N∞ 350 - Tarapoto;042-583425;942865770    969424363;misterlimpioperu@gmail.com     bessy.elena@gmail.com; SECTOR COMERCIO ;Utiles Diversos para el hogar
77;20393177706;AJEPER DEL ORIENTE S.A.;Produccion de Gaseosas;"
Adhemir Soria Lino Osorio";Jr. Jimenez Pimentel N∞ 1051;;998090952          942895125;"
adhemir.lino.pe@ajegroup.com ";SECTOR PRODUCCI‡N Y/O SERVICIOS ;Produccion
78;10439701337;RAUL POMA RANDOLF;Elaboracion de Cerveza Artesanal;Raul Poma Randolf;Jr. Lamas N∞ 281 - Tarapoto;no tiene;993492424;"raulpomarandolf@gmail.com
pomarandolf@gmail.com";SECTOR PRODUCCI‡N Y/O SERVICIOS ;Produccion
79;20600230434;PUCACHA E.I.R.L.;Elaboracion de Licores Regionales ;"Pierre Vidaurre Rojas Represent.
Ada Magnolia Rojas Vda de Vidaurre ";Jr. Alonso de Alvarado N∞ 107 - Tarapoto;042-588809;965 605 695;licorespucacha@hotmail.com;SECTOR PRODUCCI‡N Y/O SERVICIOS ;Produccion
80;20572257691;INDUSTRIA GRANO DEL ORIENTE E.I.R.L.;Elaboracion de chocolates, entre otros ;Luis Miguel Flores Pezo;Jr. San Martin N∞ 1198 - Tarapoto;(042) 586254;942 156 675;"miguelflores1198@gmail.com
anace2308@hotmail.com ";SECTOR PRODUCCI‡N Y/O SERVICIOS ;Produccion
81;10011488574;REµTEGUI DIAZ ROSA CLOTILDE ;Pasteleria y Panaderia;Reategui D°az Rosa Clotilde ;Jr. Manco inca N∞ 333 ref. Panaderia rosita ;042-524993;942937161;sammytourstarapoto@gmail.com                 sammyreservas330@hotmail.com;SECTOR PRODUCCI‡N Y/O SERVICIOS ;Produccion
82;20600618131;ALIMENTOS GARA GOURMET S.A.C;Pasteleria y Panaderia;CHACON QUITO GABRIEL;JR. ALEGRIA ARIAS DE MOREY NRO. 119 - TARAPOTO;;985777335;gabrielchaconquito@gmail.com;SECTOR PRODUCCI‡N Y/O SERVICIOS ;Produccion
83;10055861078;CARMEN ROSA SANDOVAL FASABI ;Pasteleria y Panaderia;Carmen Rosa Sandoval Fasabi ;Jr. Alonso de Alvarado #  539;042-524466          ;942693822;casafayenurro@hotmail.com;SECTOR PRODUCCI‡N Y/O SERVICIOS ;Produccion
84;20494056004;EXOTIC CHOCOLATIER;Elaboracion de chocolates, entre otros ;Ivonne Alvarado Bartra de Mori;Plaza Mayor N∞ 145 - Tarapoto;(042) 526239;945903776;ialvarado@exoticchocolatier.com;SECTOR PRODUCCI‡N Y/O SERVICIOS ;Produccion
85;20601531900;PROCESADORA DE ALIMENTOS Y BEBIDAS TARAPOTO S.A.C;Elaboracion y Venta Productos Carnicos;SERGIO RAFAEK URRELO GARCIA;Jr. 2 de Mayo N¯ 247 - Tarapoto;-;982 351 103    949565681;tiosergiotarapoto@gmail.com;SECTOR PRODUCCI‡N Y/O SERVICIOS ;Produccion
86;20123316658;HALEMA S.A.C;Alimentos - frigorificos;Alejandrino Escalante Torres;Jr. Virrey Condde de Lemos N∞ 231 - Urb La Colonial - Callao - Lima;(01) 7191818;;aescalante@halema.com.pe         tesoreria@halema.com.pe                  smelgarejo@halema.com.pe;SECTOR PRODUCCI‡N Y/O SERVICIOS ;Produccion
87;20100190797;GLORIA  S.A.;Lacteos;Ing. Luis Angel Pereda Arellano;Carretera a Cu§umbuque S/N Ampliacion San Roberto - Rumisapa - Lamas - San Mart°n;195829502;942692926           994866773;"ealopez@gloria.com.pe
lpereda@gloria.com.pe";SECTOR PRODUCCI‡N Y/O SERVICIOS ;Produccion
88;10440869535;ORTIZ CASTILLO ROBERTO ;Ealboracion de licores regionales;Ortiz Castillo Roberto;Jr. Lima 816 - Tarapoto;042-526454;"942 883 000
979 765 019";estelita.sac@hotmail.com;SECTOR PRODUCCI‡N Y/O SERVICIOS ;Produccion
89;20450303349;CALUBA E.I.R.L.;Hotel y Tostaduria de CafÇ;Ericka Sandy Salazar ;Jr. Leoncio Prado N∞ 155;no tiene;965 678 121;"erickasandy@hotmail.com
reservas@casadepalos.pe";SECTOR PRODUCCI‡N Y/O SERVICIOS ;Produccion
90;10408403885;URSULA DEL PILAR VIVANCO NIZAMA;Productor Agropecuario;Ursula del Pilar Vivanco Nizama;Jr. Pajaten N∞ 280  Tarapoto;042-588443;992475637;rizitoshacker@hotmail.com;SECTOR PRODUCCI‡N Y/O SERVICIOS ;Produccion
91;10010348370;VICTOR MANUEL CHAC‡N REATEGUI;Elaboracion de productos vegetales;Victor Manuel Chacon Reategui          ;Av. Via de Evitamiento 2019 - Tarapoto;(042) 523288;942459129;"chablor31@gmail.com
proteccionglobaltierra@gmail.com
ivankachaconvalles@gmail.com ";SECTOR PRODUCCI‡N Y/O SERVICIOS ;Elaboracion de Productos Vegetales
92;20493829361; INDUSTRIAS MOLINERA AMAZONAS  S.A.C.;Molinera;"Aguilar Vega Benjamin
Frangel Gonzales Lopez";Prolongacion de la Av. Per£ N∞925- Morales;no tiene;942691181;"incorasac@hotmail.com
luis_baca018@hotmail.com";SECTOR PRODUCCI‡N Y/O SERVICIOS ;Industrias, Piladoras 
93;20601022126;INDUSTRIA GRANORIENTE SAC;Molinera;Ena Flor Diaz Cubas ;Prolong. Av. Peru N∞ 925 - Morales;no tiene;"942 692 908
958 644544";"incorasac@hotmail.com
luis_baca018@hotmail.com";SECTOR PRODUCCI‡N Y/O SERVICIOS ;Industrias, Piladoras 
94;20450246108;MOLINO LE‡N ROJO  E.I.R.L.;Molinera; Humberto Manosalva Cubas;Jr. Guepi N∞. 166 - Morales;042-52 11 12         ;"971 209 604 
942 624 654
968 488 237";molinoleonrojo@hotmail.com;SECTOR PRODUCCI‡N Y/O SERVICIOS ;Industrias, Piladoras 
95;20603025033;ASOCIACION DE PRODUCTORES ECOLOGICOS PRIVADOS DE SAN MARTIN ;Cultivo de productos ecologicos;Rolando Cardenas Perez;Jr. Los Nogales N∞ 181 - Urb. Los Jardines - Tarapoto ;no tiene;942124355;rcpedilperu@yahoo.com;SECTOR PRODUCCI‡N Y/O SERVICIOS ;Centro de Investigacion
96;20603179707;AMAZONIA JUSTA SAC.;Investigacion de Cultivos;Santamaria  Gutierrez Oscar Julio;"Jr. Triunfo N∞ 1140 - Juanjui
(Frente al Grifo Servi oriente)
Juanjui";(042) 634359;;"oscar.santamaria@purprojet.com
celine.olesen@purprojet.com";SECTOR PRODUCCI‡N Y/O SERVICIOS ;Centro de Investigacion
97;20446556836;SOLUCIONES INMEDIATAS   SAC;Servicio Tecnico;Enrique Cisneros Olano ;Jr. Augusto B. Legu°a N∞ 348  - Tarapoto;;999420398;enrique@notariacisneros.com.pe;SECTOR PRODUCCI‡N Y/O SERVICIOS ;Servicios TÇcnicos
98;20450477096;DR PC S.A.C;Servicio Tecnico, Venta de Computadoras;Henry  Maldonado Flores;Jr. San Mart°n N∞ 405 - Tarapoto;(042)524304;"942 457 510
984 542 360";dr.pc.sac@drpc.pe;SECTOR PRODUCCI‡N Y/O SERVICIOS ;Servicios TÇcnicos
99;20601492629;GOKIEBOX E.I.R.L.;Servicio Tecnico, Venta de Computadoras;Renatto  Klisman Grandez Luna;Psje Humberto Pinedo Pezo N∞ 101;;977264587;"contacto@gokiebox.com
maryury.ip@gokiebox.com ";SECTOR PRODUCCI‡N Y/O SERVICIOS ;Servicios TÇcnicos
100;20494147140;COMPUCENTRO & NEGOCIOS S.A.C.;Servicio Tecnico, Venta de equipos;"Max Henrry Valladolid Gonzales
Edilberto Valladolid Diaz ";Av. Lima 799 - Tarapoto;042-341551;942694394;compunegociossac@hotmail.com;SECTOR PRODUCCI‡N Y/O SERVICIOS ;Servicios TÇcnicos
101;20601692806;HALCONES SECURITY COMPANY S.A.C;Servicio de Seguridad;Dukas Tito Vasquez Lopez ;Calle Putumayo N∞ 667 - Maynas - Iquitos   ;(01) 6 365 735;953296414;"ventas1@halconessecurity.pe
dukas.vasquez@halconessecurity.pe
operaciones@halconessecurity.com
vgastelo@halconessecurity.pe";SECTOR PRODUCCI‡N Y/O SERVICIOS ;SERVICIOS DE VIGILANCIA Y SEGURIDAD
102;20450192920;INVERSIONES JRB EIRL;Venta de camaras de video Vigilancia;Jose Rodriguez Begazo;Jr. Jorge Chavez N∞ 717 - Tarapoto;042-527334;998512219;gerencia@inversionesjam.com inversionesjrb@hotmail.com;SECTOR PRODUCCI‡N Y/O SERVICIOS ;SERVICIOS DE VIGILANCIA Y SEGURIDAD
103;20172241078;ESTUDIO CONTABLE GARC÷A  E.I.R.L;Asesoria Contable;Juan Manuel Garc°a Ram°rez;Jr. Bolognesi N∞  135 - Tarapoto;042-523218 ;942661313;jmg.contable9@gmail.com;SECTOR PRODUCCI‡N Y/O SERVICIOS ;Asesorias Contables
104;20531445601; RODRIGUEZ DEL µGUILA CONTADORES E.I.R.L.;Asesoria Contable;Oscar Rodriguez Del Aguila;Jr. Cabo A. Leveau N∞  323  - Tarapoto;042-522255 ;942637481;rodriguezdelaguilacontadores@gmail.com;SECTOR PRODUCCI‡N Y/O SERVICIOS ;Asesorias Contables
105;10010742892; RODRIGUEZ ESPINAL EDGAR ;Asesoria Contable;Edgar Rodriguez Espinal;Jr. San Martin N∞  446 - Tarapoto;;;eare53@hotmail.com;SECTOR PRODUCCI‡N Y/O SERVICIOS ;Asesorias Contables
106;10402972187;MILY PAREDES ACOSTA ;Asesoria Contable;Mily Paredes Acosta;Jr. Lima N∞ 1080 - Tarapoto;042-525239;976950033;mipac7@gmail.com;SECTOR PRODUCCI‡N Y/O SERVICIOS ;Asesorias Contables
107;20531484500;TRIBUTACION & NEGOCIOS S.A.;Asesoria Contable;Haydith del Aguila Valera;Jr. Federico sanchez N∞ 250 - Tarapoto;042-525442;988900561;tributacion_negocios@hotmail.com;SECTOR PRODUCCI‡N Y/O SERVICIOS ;Asesorias Contables
108;1001121329;ROBINSON GARCIA PUTPA•A ;Asesoria Contable;Robinson Garcia Putpa§a;Jr. Alerta N∞ 199 - Tarapoto;;942 401 476;rogapu1@hotmail.com;SECTOR PRODUCCI‡N Y/O SERVICIOS ;Asesorias Contables
109;20600333641;PEREZ & BARTRA CONTADORES SOCIEDAD ANONIMA CERRADA;Asesoria Contable;CESAR AUGUSTO MIGUEL PEREZ DEL AGUILA ;Jr. San Pablo de la Cruz  N∞ 350 - Tarapoto (Interior A);(042) 587027;975 003 666;perezybc.gerencia@gmail.com;SECTOR PRODUCCI‡N Y/O SERVICIOS ;Asesorias Contables
110;2060372568;PUERTA & VALDERRAMA ASESORES S.A.C.;Asesoria Contable;Lucita Leandra Valderrama Ruiz              Jose Luis Puerta Villacorta;Jr. San Pablo de la Cruz N∞ 122 - Tarapoto;042-522536;942426782;j_puerta_villacorta@hotmail.com   jpuertavillacorta@gmail.com;SECTOR PRODUCCI‡N Y/O SERVICIOS ;Asesorias Contables
111;20601066239;EMPRENDE Y DISE•A S.A.C;Asesoria Empresarial;"Abraham Miranda Tuesta
Marisela Santillan Tuesta";Jr. Espa§a N∞ 378  Tarapoto;-;954989320              962735337;"niiverred@gmail.com
abrahammiranda9@gmail.com ";SECTOR PRODUCCI‡N Y/O SERVICIOS ;Asesorias Empresariales
112;20602925936;AGENCIA ZUMO COLABORATORIO CULTURAL SAC;Actividades Creativas, Artistyicas y de Entretenimiento;Sharon Carolina Salazar Lozano;Mz C2 Lte. 9 5ta Etapa  Monserrate - Trujillo;;990905786;contacto@zumocolaboratorio.com     sharon.salazar@zumocolaboratorio.com  lady.solano@zumocolaboratorio.com;SECTOR PRODUCCI‡N Y/O SERVICIOS ;Asesorias Empresariales
113;20602966179;AMAZONIA INNOVA S.A.C;Asesoria Empresarial;Jorge Reategui Reategui ;Jr. Jimenez Pimental N∞ 119 - Tarapoto;-;943748089;jreategui@jorgereategui.com;SECTOR PRODUCCI‡N Y/O SERVICIOS ;Asesorias Empresariales
114;20603652526;EDUCA AMAZONIA E.I.R.L.;Asesoria Empresarial;Luis Eduardo Sanchez Puri ; Jr. Manco Inca N∞ 298 - Tarapoto ;-;"965 905 336
970 387 355";capacitaciones@educaemprendedor.pe;SECTOR PRODUCCI‡N Y/O SERVICIOS ;Asesorias Empresariales
115;20600586875;D&H CONSULTORES S.R.L.;Consultoria Empresarial;Dalmacio Hidalgo Oroche ;Jr. Juan de la Rivas Vasquez N∞ 315 - Tarapoto;-;942616138;dalmacio0809@hotmail.com;SECTOR PRODUCCI‡N Y/O SERVICIOS ;Asesorias Empresariales
116;20572256023;AMARELLA E.I.R.L.;Consultoria MKT y Recursos Humanos;Angela MILAGROS MUNARES RAMIREZ ;Jr.Espa§a N∞ 408   - Tarapoto ;-;990 280 324;"amunares@the.com.pe
the.amunares@gmail.com";SECTOR PRODUCCI‡N Y/O SERVICIOS ;Asesorias Empresariales
117;20493955668;ENHACORE ASESORIA Y CONSULTORIA INTEGRAL SAC;Asesoria y Consultoria Empresarial;Adan Segundo Miranda Bautista;Jr. Antonio Raymondi  N∞ 281 - Tarapoto;042-590138;942486919  942486916;enhacoresac@hotmail.com    asesores662@hotmail.com;SECTOR PRODUCCI‡N Y/O SERVICIOS ;Asesorias Empresariales
118;20494157293;SERVICIOS TURISTICOS CATTLEYA REX;Cnsultoria Empresarial;Ruth Yesenia Garcia Cieza;Jr. Atahualpa N∞ 167 - Tarapoto;;943254265;rgarciacieza@gemail.com;SECTOR PRODUCCI‡N Y/O SERVICIOS ;Asesorias Empresariales
119;10402553940;TELLO PANDURO BETTY ELIZABEHT;Servicios Generales y Consultoria;Tello PanduroBetty Elizabeth;Jr Proegreso N∞ 190 - 9 de Abril - Tarapoto;;942870077;betty_tello@hotmail.com;SECTOR PRODUCCI‡N Y/O SERVICIOS ;Asesorias Empresariales
120;10422825245;VANESSA SANCHEZ SANCHEZ;Otras actividades cientificas y tecnicas;Vanessa Sanchez Sanchez;Jr. Camila Morey N∞ 260 - Tarapoto;;954878261;vanessasanchezs@gmail.com;SECTOR PRODUCCI‡N Y/O SERVICIOS ;Asesorias Empresariales
121;20602633684;CENTRO DE INVESTIGACION, GESTION Y CONSULTORIA INTEGRAL SAC;Consultoria y Asesoria Empresarial;Dilmer Sanchez Diaz                                 Elson Sanchez Diaz;Jr. Jimenez Pimentel N∞ 19 - 2A - Tarapoto;042-780128;936572903       930519993;dsanchez@cigprogect.pe       esanchez@cigprogect.pe ;SECTOR PRODUCCI‡N Y/O SERVICIOS ;Asesorias Empresariales
122;10230108795;ROXANA TRUJILLO VALDERRAMA;Consultoria;Roxana Trujillo Valderrama;Psje. Miraflores Mz. A Lte. 15 - Tarapoto;;953967993;roxanatv@hotmail.com;SECTOR PRODUCCI‡N Y/O SERVICIOS ;Asesorias Empresariales
123;10067603791;LUIS ADOLFO REAATEGUI MORI;Consultoria;Luis Adolfo Reategui Mori;Jr. Los Jazmines N∞ 281 - Tarapoto;;944444041;larcim.tz@gmail.com;SECTOR PRODUCCI‡N Y/O SERVICIOS ;Asesorias Empresariales
124;10013115953; NAPOLE‡N ARMSTRONG SALAS VELASQUEZ ;Asesoria Legal;Napoleon Armstrong Salas Velasquez;Jr. Cahuide 221 -B - Tarapoto;(042) 524612;942693230;estrategica7@hotmail.com;SECTOR PRODUCCI‡N Y/O SERVICIOS ;sesorias Jur°dicas
125;10103435892;SEGUNDO RAMON CHAVEZ RUIZ;Asesoria Legal;SEGUNDO RAMON CHAVEZ RUIZ;Jr. San Pablo de la Cruz N∞ 318      - Tarapoto;;957608020;chavez_ruizs@hotmail.com;SECTOR PRODUCCI‡N Y/O SERVICIOS ;sesorias Jur°dicas
126;10011638126;LUIS ENRIQUE CISNEROS OLANO;Notaria;Luis Enrique Cisneros Olano;Jr. Augusto B. Leguia #  356 - Tarapoto;042-521010;947 888 880;enrique@notariacisneros.com.pe;SECTOR PRODUCCI‡N Y/O SERVICIOS ;Notar°as
127;20600612850;SERVICIOS NOTARIALES GUZMAN  EIRL;Notaria;MILTON GUZMAN GUTIERREZ;Marginal Sur N¯ 161 - Banda de Shilcayo ;(042) 522789;945 533 923;"notaria.guzman@hotmail.com
milton.not.g@gmail.com";SECTOR PRODUCCI‡N Y/O SERVICIOS ;Notar°as
128;20601449910;EMPRESA DE TELECOMUNICACIONES GLOBAL NETWORK S.A.C;Servicio de Cable;Castro Chia Shirley                                       ;Jr. San Pablo de la Cruz N∞ 160 - Tarapoto;(042) 520928;942878080;"cablemundo2015@gmail.com
davi_8_85@hotmail.com
shirley.castro.chia28@gmail.com";SECTOR PRODUCCI‡N Y/O SERVICIOS ;Comunicacion e Imagen
129;20104050337;CONTACTO TV  S.A.C;Servicio de Cable;Willian Ramirez Rivero;Jr. San Pablo De la Cruz N∞  290 - Tarapoto;(042)522525                   (042)528800                        (042)528700;;informe@tvsam.com;SECTOR PRODUCCI‡N Y/O SERVICIOS ;Comunicacion e Imagen
130;20542318733;V÷A TELEVISI‡N  S.A.C;Canal de TV;Santillana Paredes Robertina;Jr. Elias Linares 357;(042)530061;942636729;"viatelevisionperu@hotmail.com
informes@viatelevisionperu.com";SECTOR PRODUCCI‡N Y/O SERVICIOS ;Comunicacion e Imagen
131;20572233678;IMAX  CONNECTIONS PERÈ  SAC;Articulos de Telecomunicacion;Max Roland Gonz†les Garcia ;Jr. Tupac Amaru N∞ 151 - 9Abril  - Tarapoto;;"942 693 996
976 585 729";"imax.connections@gmail.com
administracion@imaxconnections.com
mgonzales@imaxconnections.com ";SECTOR PRODUCCI‡N Y/O SERVICIOS ;Comunicacion e Imagen
132;20404376145;RADIO TELEVISI‡N DOBLE  RL EIRL;Radio;Boada Zavala Fidel Armando;Jr. San Martin N∞ 1916 - Lamas;(042) 543331                 (042)523524;990410685;"fidelboadazavala1@gmail.com
rolandoreateguilozano@gmail.com ";SECTOR PRODUCCI‡N Y/O SERVICIOS ;Comunicacion e Imagen
133;20100017491;TELEF‡NICA DEL PERÈ S.A.A ;Servicio de Telecomunicaciones;Gilber Derteano  Escudero  Saavedra ;Calle Dean Valdivia N¯ 148 Dpto 201 - Urb. Jardin - San Isidro   Direccion Tpp:. Jr. Augusto B. Legu°a N¯ 200 Piso 2 - Tarapoto ;(042)520254      ;942622310;gilber.escudero@telefonica.com;SECTOR PRODUCCI‡N Y/O SERVICIOS ;Comunicacion e Imagen
134;10011066203;MARICELA BETETA TORRES ;Paneles Publicitarios;Maricela Beteta Torres;Jr. Lima N∞ 1033 - Tarapoto;(042) 528551;942408276;"info@publicidaddelaguila.com
publicidad_del_aguila@hotmail.com
rubyluz@hotmail.com";SECTOR PRODUCCI‡N Y/O SERVICIOS ;Comunicacion e Imagen
135;20542211777;GIULIANO D÷AZ E.I.R.L.;Servicio de Telecomuniaciones;Werner Giuliano Diaz Yalta;Jr. Angel Delgado Morey 793 - Tarapoto;(042)529376;999 420 403;giulianodiaz@giulianodiaz.com;SECTOR PRODUCCI‡N Y/O SERVICIOS ;Comunicacion e Imagen
136;20106897914;ENTEL PERU S.A.;Servicio de Telecomunicaciones;Juan Francisco Nino Boggio Ubillus    Karla Polo Ezeta;Av. Republica de Colombia N∞ 791 - San Isidro - Lima;01-611 1111;969544589;karla.polo@entel.pe             ninoboggio@entel.pe;SECTOR PRODUCCI‡N Y/O SERVICIOS ;Comunicacion e Imagen
137;20511265216;EMPRESA DE TRANSPORTE GRUPO HORNA S.A.C.;Transporte;Gilmer Wilson Horna Corrales;Iquitos N¯ 1282 - la victoria- Lima Ref. Av. Salaverry N∞ 850- Morales ;042-520318;995306816;achavez@ghbus.com;SECTOR PRODUCCI‡N Y/O SERVICIOS ;Servicio de Transportes
138;20601221846;COOPERATIVA DEL AHORRO Y CRêDITO DEL ORIENTE LTDA;Finanzas - Cooperativa;S†nchez D†vila JosÇ Luis ;Jr. Alonso de Alvarado N∞ 228 - Tarapoto ;(042) 521731;986674016;"csanchez@lacooperativadeloriente.pe
gerencia@cooperativadeloriente.pe info@cooperativadeloriente.pe";SECTOR PRODUCCI‡N Y/O SERVICIOS ;Banca Finanzas y Seguros
139;20480435932;CONSULTORA NORTE ASESORES & CORREDORES DE SEGUROS SAC;Seguro;Pablo Fernandez D°az            ;Jr. Jimenez Pimentel N∞ 898 - Tarapoto;(042)508072;979296629;"informes@consultoranorte.com.pe
pfernandez@consultoranorte.com.pe";SECTOR PRODUCCI‡N Y/O SERVICIOS ;Banca Finanzas y Seguros
140;20100043140;SCOTIABANK PERU S.A.A.  ;Finanzas - Banco;Lic. Miguel Angel  Alvarez Lopez;Jr. Ramirez Hurtado # 203/Esq. Grau 126;042-531469;968219033;liliana.r.@scotiabank.com.pe;SECTOR PRODUCCI‡N Y/O SERVICIOS ;Banca Finanzas y Seguros
141;20100130204;BBVA BANCO CONTINENTAL ;Finanzas - Banco;Javier David Luis Abad Espinoza;Jr. Ramirez Hurtado N∞ 149 Ref. Plaza de Armas Tarapoto;042-523228                                      042-522430;942693323;jabad@bbva.com;SECTOR PRODUCCI‡N Y/O SERVICIOS ;Banca Finanzas y Seguros
142;20100047218;BANCO DE CRêDITO ;Finanzas - Banco;Carlos Coronel Huaman (administrador);Jr. Maynas #  138;042-522485                            (042) 522483;;"jllosa@bcp.com.pe
wcotrina@bcp.com.pe";SECTOR PRODUCCI‡N Y/O SERVICIOS ;Banca Finanzas y Seguros
143;20113604248;CMAC PIURA  S.A.C.;Finanzas - Caja;"James Paima del Aguila (adm. Tarapoto) 
Jose carlos Samame Castillo-Gerente Region Oriente";JR. AYACUCHO NRO. 353 CENTRO CIVICO (PALACIO MUNICIPAL) PIURA;042- 529195                                    042-524888;"949 896 634
968 902 486
979 653 903
942 681 361";"mbartra@cajapiura.pe
agenciasanmartin@cajapiura.pe
ovilchezz@cajapiura.pe
jpaz@cajapiura.pe";SECTOR PRODUCCI‡N Y/O SERVICIOS ;Banca Finanzas y Seguros
144;20146809341;COOPERATIVA DE AHORRO Y CRêDITO SAN MART÷N DE PORRES  LTDA;Finanzas -Cooperativa;Atilio Carhuaz Cantaro;Jr. Maynas N∞ 100 - Tarapoto;042-521001;973909971;"acarhuaz@coopacsanmartin.pe
trojas@coopacsanmartin.pe
kmacedo@coopacsanmartin.pe";SECTOR PRODUCCI‡N Y/O SERVICIOS ;Banca Finanzas y Seguros
145;20103845328;CAJA MUNICIPAL DE AHORRO  Y CRêDITO MAYNAS S.A.;Finanzas - Caja;Nancy Isabel Culqui Huaman ;Jr. San Martin # 201 - Tarapoto;"042-526078
042-528921
";944823928;nculqui@cajamaynas.pe;SECTOR PRODUCCI‡N Y/O SERVICIOS ;Banca Finanzas y Seguros
146;20493867963;COOPERATIVA DE AHORRO Y CREDITO LA PROGRESIVA Ltda;Finanzas -Cooperativa;"Darwin Cesar Espinoza Gonzales
Glendys Ruiz Vasquez";Jr. San Pablo de la Cruz N∞ 156 - tarapoto;;945057789          943620154;"despinoza@copadaprogresiva.com.pe
gruiz@gmail.com
darwinespinoza1475@gmail.com";SECTOR PRODUCCI‡N Y/O SERVICIOS ;Banca Finanzas y Seguros
147;20603927410;CREDIKALLPA SAC;Actividades auxiliares de servicios financieros;Sara Georgina Banda Polanco;Jr. Manco Capac N∞  219 - Tarapoto;042-507452;956381205;sarasscc@gmail.com     sarab.polanco@pic.com.pe;SECTOR PRODUCCI‡N Y/O SERVICIOS ;Banca Finanzas y Seguros
148;20319288776;C.S.& S. SERVICIOS OFTALMOL‡GICOS Y OPTICOS INTEGRALES  E.I.R.L.;Servicios Oftalmologo;Tulio S†nchez Flores;Jr.Alegria A. de Morey # 235 - Tarapoto;042-527805;;tuliosanchezflores@hotmail.com;SECTOR PRODUCCI‡N Y/O SERVICIOS ;Cl°nicas, consultorios mÇdicos, farmacias y boticas
149;20104192638;DROGUER÷A SAN MARTIN  S.A.C.;Productos Farmaceutico;"Lucas Reategui Torres
Liulith Sanchez Bardalez";Jr. Manuela Morey #  160 - Tarapoto;042-522990                                      042-524437;942681233;drogueriasm@gmail.com;SECTOR PRODUCCI‡N Y/O SERVICIOS ;Cl°nicas, consultorios mÇdicos, farmacias y boticas
150;10428761320;HENRY NODAR MU•OZ RIOS;Productos Farmaceutico;Henry Nodar Mu§oz Rios;Jr. Alegria Arias de Morey N∞ 125 - Tarapoto;;949296727;"henrynodar07@gmail.com
santaines_1@hotmail.com ";SECTOR PRODUCCI‡N Y/O SERVICIOS ;Cl°nicas, consultorios mÇdicos, farmacias y boticas
151;20104124802;SERVICIO MEDICO LIONEL FLORES E HIJOS S.A.C;Servicios Medicos;Lionel Flores S†nchez;Jr. San Martin #  274 - Tarapoto;042-523680 ;995352252;clinicasanmartin@hotmail.com;SECTOR PRODUCCI‡N Y/O SERVICIOS ;Cl°nicas, consultorios mÇdicos, farmacias y boticas
152;20602683819;CCES SALUD S.A.C.;Capacitaciones en Salud;Carmen solina Aguilar Ramos ;Jr. Sofia Delgado N∞ 234 - Tarapoto;(042) 584492;957475100;"capacitaciones.c.s@gmail.com
carmensolinaaguilar@gmail.com ";SECTOR PRODUCCI‡N Y/O SERVICIOS ;Cl°nicas, consultorios mÇdicos, farmacias y boticas
153;20494137109;MEDICINA NOR ORIENTE S.A.C;Servicios Medicos;Beltran Lozano Gonzales;Jr. Alonso de Alvarado N∞ 209 - Tarapoto;(042) 521250;942691960;clinicanororiente@hotmail.com;SECTOR PRODUCCI‡N Y/O SERVICIOS ;Cl°nicas, consultorios mÇdicos, farmacias y boticas
154;20525871071; JJOCHA-PERU E.I.R.L.;Productos Farmaceutico;Salvador Casta§eda Perez;JR. TAHUANTINSUYO N∞. 168 . Tarapoto;(042)523810;"968883912
968883913";jjochaperu@hotmail.com;SECTOR PRODUCCI‡N Y/O SERVICIOS ;Cl°nicas, consultorios mÇdicos, farmacias y boticas
155;20546442641;CORPORACION ABIXA EIRL;Farmacia;Neyzer Alexander Diaz Ramirez;Jr. Lima N∞ 802 -tarapoto;;971180007;doctorfarma1@hotmail.com;SECTOR PRODUCCI‡N Y/O SERVICIOS ;Cl°nicas, consultorios mÇdicos, farmacias y boticas
156;20408614831;CONSORCIO DE SERVICIOS FUNERARIOS S.A.C ;Servicios Funerarios;Javier Roberto Nalvarte Gamero   ;Calle Loreto N∞ 960 - Iquitos ;042-503394;965021746;csfi@terra.com.pe;SECTOR PRODUCCI‡N Y/O SERVICIOS ;Servicios Funerarios
157;20567284060;FUMIPERU FIRE S.A.C;Fumigacion; CATIA PILAR LINARES TAPULLIMA ;Jr. Jimenez Pimentel N∞  911 - Tarapoto;042 56 4881;945 012 656;serviciosfumiperu@gmail.com;SECTOR PRODUCCI‡N Y/O SERVICIOS ;Servicios Fumigaciones
158;20531412932;ELECTRO SERVICIOS DµVILA  S.A.C.;Servicios Mantenimiento Electrico;Reynaldo D†vila Pinedo;Jr. Augusto B. Leguia #  1130 - Tarapoto;042-523853      o42-522589   ;"942692090
942940740";e_ser_davila43@hotmail.com  redapi@hotmail.com;SECTOR PRODUCCI‡N Y/O SERVICIOS ;Servicios y Mantenimientos electricos
159;20404403991;COLEGIO PARTICULAR SIM‡N BOLIVAR S.R.L.;Educacion - Colegio;Allen Roca Varela;Jr. Rene Bartra #  102 - Tarapoto;042-524457;998402789;aroca.csb@gmail.com;SECTOR PRODUCCI‡N Y/O SERVICIOS ;Educacion
160;20131376503;SERVICIO NACIONAL DE ADIESTRAMIENTO EN TRABAJO INDUSTRIAL  - SENATI;Educacion - Instituto;Jorge Milton Isidro Salsedo Chambergo;Av. Grau Cuadra 5 - Moyobamba (Referencia Jr. Arica N∞ 165 - Barrio Huayco- Tarapoto);042-562758                                     042-521726;942934424;"moyobamb@senati.edu.pe
jsalcedo@senati.edu.pe
mespiell@senati.edu.pe
gomezf@senati.edu.pe";SECTOR PRODUCCI‡N Y/O SERVICIOS ;Educacion
161;20450332284;ROCKWASI PRODUCCIONES S.A.C.;Eduacion - Musica;Werner Percy Diaz Yalta;Jr. Lamas N¯ 147 - tarapoto;;945 331 022;rockwasipro@gmail.com;SECTOR PRODUCCI‡N Y/O SERVICIOS ;Educacion
162;20143612431;EMPRESA MUNICIPAL DE AGUA POTABLE Y ALCANTARILLADO SAN MART÷N   S.A.;Servicio de Agua Potable;Ing.Maria Isabel Garcia Hidalgo;Jr. Federico Sanchez # 900 - Tarapoto;(042)526666;990401408;migarhi@hotmail.com;SECTOR PRODUCCI‡N Y/O SERVICIOS ;Servicios P£blicos
163;20103795631;ELECTRO ORIENTE S.A.;Servicio de Electricidad;Ing . Fredy Saul Bastidas Huaman ;Jr. Augusto B. Legui N∞ 955 - Tarapoto;(042)522034;990511829;"fbastidas@elor.com.pe
niberico@elor.com.pe
";SECTOR PRODUCCI‡N Y/O SERVICIOS ;Servicios P£blicos
164;20602802010;REVELADOS TARAPOTO M&F    E.I.R.L. ;Laboratorio Fotografico;Teofilo Matias Valentin;Jr. Jimenez Pimentel N∞ 192 - Tarapoto;"042-522702
";942781184;tarapotodigital@hotmail.com;SECTOR PRODUCCI‡N Y/O SERVICIOS ;Servicio de Revelados de Fotos
165;20284852045;OLVA  S.R.L.;Servicio de Courier;Alberto Apolinaria Perona Butler;Jr. Jimenez Pimentel #  197 - Tarapoto;042-521456;942 955 904 ;"albertoperona@speedy.com.pe
gerencia@olvatpp.com";SECTOR PRODUCCI‡N Y/O SERVICIOS ;Servicio de Courier
166;20488969952;NEGOCIOS Y SERVICIOS POSTALES SAC;Servicio de Courier;Cheril Pamela Lozano Saavedra           Diomedes Segundo Lozano Paredes;Jr. Jorge Chavez N∞ 862 - Tarapoto;042-526320;961669567;chlozano@nspcourrier.pe  administracion@nspcourier.pe;SECTOR PRODUCCI‡N Y/O SERVICIOS ;Servicio de Courier
167;20531271263;CASABLANCA CONTRATISTAS Y  S.G. S.R.L.;Construccion;"Carlos Alberto Lopez Ru°z
Julio Cesar Lopez Ru°z";Jr. Lima N∞ 1080-A  - Tarapoto;(042)525239    ;942925528;"casablanca_cont@hotmail.com
calor1080@gmail.com
peru@casablanca.com ";SECTOR CONSTRUCCI‡N Y/O CONEXOS;Constructoras
168;20602279660;JJ REPRESENTACIONES EMPRESARIALES S.A.C;Construccion;Jaime Segundo Rengifo Estrella;Jr. Primero de Mayo S/N - Tarapoto;;942989013;jj.representaciones.emp@gmail.com     a20122243@pucp.pe ;SECTOR CONSTRUCCI‡N Y/O CONEXOS;Constructoras
169;20450312259;GRUPO LAS PALMERAS E.I.R.L.;Construccion;Arias Paima Homar;Car.Fernando B. Terry KM. 2.5 (COSTADO DE ESCUELA DE POLICIAS) - Banda de Shilcayo;(042) 528429;957816501;grupopalmas@hotmail.com;SECTOR CONSTRUCCI‡N Y/O CONEXOS;Constructoras
170;20601054460;INVERSIONES E INMOBILIARIA SAN MARTIN SAC;Inmobiliaria;" Jaime Eduardo Ojeda Zalles
Alan Garcia Torrejon";Jr.Raymondi N∞ 364 - Tarapoto;(042)584904;986455507;"jaimeojeda@inmobiliariasanmartin.pe
alangarcia@inmobiliariasanmartin.pe";SECTOR CONSTRUCCI‡N Y/O CONEXOS;Constructoras
171;20493908660;CORPORACI‡N & GRUPO DE LAS CASAS S.A.C;Construccion - Venta Materiales;Segundo Roberto Peralta Montoya     ;Av. Via de Evitamiento N∞ 2178 - Tarapoto;(042)601112;942678658;shego_peralta@hotmail.com      info@constructoradelascasas.com     soporte@constructoradelascasas.com;SECTOR CONSTRUCCI‡N Y/O CONEXOS;Constructoras
172;20602157432;ANTIKUNA S.A.C;Inmobiliaria;Roberto Gaston Cornejo Marquez                 ;Jr. Camila Morey N∞ 211 - Tarapoto;(042)590738;942956181             942956096;"gcornejo80@yahoo.es
ricardo.cornejo@antikuna.com            info@antikuna.com
";SECTOR CONSTRUCCI‡N Y/O CONEXOS;Constructoras
173;10425361029;JULIO CESAR PINCHI ROMAYNA ;Inmobiliaria;Julio Cesar Pinchi Romayna;Jr. Los Cedros N∞ 195 - Tarapoto ;(042) 564553;942682078;romaynapinchi@hotmail.com;SECTOR CONSTRUCCI‡N Y/O CONEXOS;Constructoras
174;20572134858;MAQUIMAS CONSTRUCTORA S.A.C;Constructora - Alquiler de Maquinarias;Walther John Arevalo Alvarado;Jr. Jimenez Pimentel N∞ 245 - Tarapoto;(042) 590796;942624959;johnarevalo123@gmail.com;SECTOR CONSTRUCCI‡N Y/O CONEXOS;Constructoras
175;20572247202;MARKAGROUP SAC;Constructora;"Sada Goray Chong
Harold del µguila Borbor ";Jr. Manco C†pac N¯ 225 - Tarapoto;(042)  529754;"953296346
949441655
970219700";"sadagc@hotmail.com
jc@markagroup.com.pe
hdelaguila@markagroup.com.pe
kenji.risco@gmail.com ";SECTOR CONSTRUCCI‡N Y/O CONEXOS;Constructoras
176;20542326167;CORPORACION ARBULU CHONG SOCIEDAD ANONIMA CERRADA;Construccion - Asesoria en interiores;CHONG GUTIERREZ JHOANY;Jr. Juan Vargas N∞ 123 - Tarapoto;(042) 524267;976 945 506;"decorstudiotarapoto@gmail.com
indanaperu@gmail.com";SECTOR CONSTRUCCI‡N Y/O CONEXOS;Constructoras
177;20601672287;CROSETTI & BRUGNOTE SERVICIOS INMOBILIARIOS S.A.C.;Inmobiliaria;Juan Diego Linares Garcia                        Jaime Linarez Garcia;Jr. Manuela Morey N∞ 365 - Tarapoto;no tiene;"978 978 649
998 997 660";crosetti.brugnote@gmail.com   jdlinaresr@gmail.com   bionegociostarapotoperu@gmail.com;SECTOR CONSTRUCCI‡N Y/O CONEXOS;Constructoras
178;20601883148;POLANCO INVERSIONES CONSTRUCTIVAS DEL ORIENTE S.A.C;Inmobiliaria;Georgina Banda Polanco                        Merly Fasanando Vallejos;Jr. Manco Capac N∞ 269 - Tarapoto;042-507452;956381205;sarab.polanco@pic.com.pe  merlyfvallejos@gmail.com;SECTOR CONSTRUCCI‡N Y/O CONEXOS;Constructoras
179;20226820591;A Y A VASQUEZ CONTRATISTAS GENERALES SRLtda.;Constructora;Augusto Vasquez Tello;Plaza Mayor N∞ 453 - Tarapoto;042-527372;942968166;ayavasquez10@yahoo,com;SECTOR CONSTRUCCI‡N Y/O CONEXOS;Constructoras
180;10008604351;MIGUEL ANGEL OCAMPO GUERRA;Elaboracion de Proyectos;Miguel Angel Ocampo Guerra;Jr. Camila Morey N∞ 260 - Tarapoto;;942953858;m_angel501@hotmail.com;SECTOR CONSTRUCCI‡N Y/O CONEXOS;Consultorias en Construccion y afines 
181;20450480984;JRE INGENIERIA Y SERVICIOS S.A.C.;Construccion - Consultoria;Lizbeth Casas Sandoval;Jr. Per£ N∞  943 - Tarapoto;(042) 526132  ;942 989 012;"jre.ingenieriayservicios@gmail.com
sd.ingenieria.estructural@gmail.com    liz.casas.sd@gmail.com ";SECTOR CONSTRUCCI‡N Y/O CONEXOS;Consultorias en Construccion y afines 
182;10009549931;CONSULTOR÷A PADILLA INGENIEROS ;Construccion - Consultoria;Gustavo Padilla Pinedo;Jr. Ucayali N∞ 228 - Tarapoto;(042) 524751;942929535;"gustavopadillap@gmail.com
gustavopadillap@yahoo.es";SECTOR CONSTRUCCI‡N Y/O CONEXOS;Consultorias en Construccion y afines 
183;20600509102;ˇTECNOLOGIA AMAZONICA S.A.C.;Construccion - Consultoria;Iglesias  Leon Carlos Abel;Jr. JosÇ Olaya N∞ 1256 ;(042)523130;943590783 / 996590206;ciglesias@interfaztecnologica.com;SECTOR CONSTRUCCI‡N Y/O CONEXOS;Consultorias en Construccion y afines 
184;20225327077;IDEAL SERVICIOS MÈLTIPLES  E.I.R.L. ;Construccion - Consultoria;"Humberto Flores Gonzales
Sandro Flores Garcia";Jr. Miguel Grau N∞ 802 - Tarapoto;(042)-523894    ;942479911;"sandritoflores@hotmail.com
humberto7762@hotmail.com ";SECTOR CONSTRUCCI‡N Y/O CONEXOS;Consultorias en Construccion y afines 
185;10423240445;LUQUE SAJAMI JORGE;Contruccion - Soldaduras;Luque Sajami Jorge ;Jr. Ramon Castilla N¯1397 - Tarapoto;no tiene;942 464 187;jluque84-2@hotmail.com  jluqueconstrucciones@gmail.com;SECTOR CONSTRUCCI‡N Y/O CONEXOS;Consultorias en Construccion y afines 
186;20494079802;DIBUGGS INVESTMENTS S.A.C;Inmobiliaria;Llesi Rengifo Estrella ;Jr. Peru N∞ 939 - Tarapoto;(042) 520083;942971555;estrellitare@hotmail.com ;SECTOR CONSTRUCCI‡N Y/O CONEXOS;Consultorias en Construccion y afines 
187;10010864949;FLORES GARC÷A JORGE SEGUNDO ;Construccion - Consultoria;Jorge Segundo Flores Garcia;Jr. Raymondi N∞ 434 - Piso 2 - Tarapoto;no tiene;942 694 777;jorgefloresdos@yahoo.es;SECTOR CONSTRUCCI‡N Y/O CONEXOS;Consultorias en Construccion y afines 
188;10011476967;LUCY LYNN VILLACORTA PINEDO ;Ferreteria;Lucy Lynn Villacorta Pinedo ;Av.  Via de Evitamiento N∞ 357  - Tarapoto;(042) 525821;942474556;comfer.saldana@hotmail.com;SECTOR CONSTRUCCI‡N Y/O CONEXOS;Venta de Agregados y Materiales de Construccion
189;20493437365;DINOSELVA IQUITOS  S.A.C.        ;Construccion - Venta Materiales;Humberto Cappa Rojas;Via de Evitamiento N¯1560 - Tarapoto;042-525234;965 671 143;hcappa@dinoselva.com.pe;SECTOR CONSTRUCCI‡N Y/O CONEXOS;Venta de Agregados y Materiales de Construccion
190;20521881721;CORPORACI‡N MEGALUZ  S.A.C.;Fabricacion de Postes Alumbrado Publico;"Ing. Artemio Guerrero Chavez
Wilmer Gavidia Romero";Jr. Santa Ines N∞ 411 - Tarapoto;;"942439324
942799441  ";megatronicsrl@gmail.com;SECTOR CONSTRUCCI‡N Y/O CONEXOS;Venta de Agregados y Materiales de Construccion
191;20494452577;CORPORACION FERRETERA EL IMAN E.I.R.L.;Ferreteria;Juanito Garcia Sanchez;Jr. Sucre N∞ 530 - Picota;;942005852;juanitogarciasanchez7@gmail.com;SECTOR CONSTRUCCI‡N Y/O CONEXOS;Venta de Agregados y Materiales de Construccion
192;20446460481;ACERO COMERCIAL  S.R.L;Ferreteria;Felix Villanueva Flores ;Jr. Ricardo Palma  # 559 - Tarapoto;042-522762;942624249;acerocomercial_srl@hotmail.com;SECTOR CONSTRUCCI‡N Y/O CONEXOS;Venta de Agregados y Materiales de Construccion
193;10188789965;ANGEL PEREGRINO CHµVEZ ZARZOSA ;Ferreteria;Angel Peregrino Chavez Zarzosa ;Jr. Nicolas de Pierola #  459 - Tarapoto;"042-528762
042-503459";;chazarp@hotmail.com;SECTOR CONSTRUCCI‡N Y/O CONEXOS;Venta de Agregados y Materiales de Construccion
194;20450393151;COMERCIOS MEJIA  S.R.L;Ferreteria;"Ra£l Mej°a Antunez
Raól Heysen Mejia Sanchez";Jr. Lima #  576 - Tarapoto ;042-522955;942955143;"c-mejia2011@hotmail.com
comerciomejia@gmail.com";SECTOR CONSTRUCCI‡N Y/O CONEXOS;Venta de Agregados y Materiales de Construccion
195;20104102744;COMERCIAL SELVA NOR PERUANA  S.A.;Ferreteria;Ruben Dario  Trigozo Paredes ;Jr. Maynas #  265 - Tarapoto;042-522526                                     042-522260        ;944632980;ventas@conselva.com                                            dirgg@conselva.com;SECTOR CONSTRUCCI‡N Y/O CONEXOS;Venta de Agregados y Materiales de Construccion
196;20170974311;FERROHOGAR SAN MARTIN;Ferreteria;TEMISTOCLES ALEGRIA GUEVARA     MIRIAM GUZMAN SILVA;Jr. Jimenez Pimentel #  1156 - tarapoto;042-523412                                     042-524728 ;988 151 301    942695147                    942884982;talegriag@hotmail.com  marrietahermosa@gmail.com;SECTOR CONSTRUCCI‡N Y/O CONEXOS;Venta de Agregados y Materiales de Construccion
197;20531326696;CONCENTRADOS INDUSTRIALES S.A.C;Materiales Agregados;ZARI CAMPOS JULIO CESAR;Jr. Miguel Grau N∞ 1243 - Partido Alto Tarapoto;;;"
juliozari@hotmail.com                 aaronzari@hotmail.com ";SECTOR CONSTRUCCI‡N Y/O CONEXOS;Venta de Agregados y Materiales de Construccion
198;10410532323;JILMER L‡PEZ LOBATO ;Ferreteria;Jilmer Lopez Lobato ;Jr. Alonso de Alvarado #  321 - Tarapoto;;942953703;claximlore@hotmail.com;SECTOR CONSTRUCCI‡N Y/O CONEXOS;Venta de Agregados y Materiales de Construccion
199;20601259991;TIENDAS CAJAMARCA EMPRESA INDIVIDUAL DE RESPONSABILIDAD LIMITADA;Ferreteria;MEDINA CORONEL MARITZA ELISEA;JR. TAHUANTINSUYO NRO. 317 SAN MARTIN - SAN MARTIN - TARAPOTO;no tiene;964 837 458;tiendascajamarca@hotmail.com;SECTOR CONSTRUCCI‡N Y/O CONEXOS;Venta de Agregados y Materiales de Construccion
200;20553888141;GRUPO GERSER S.A.C;Ferreteria; GERMAN SERNA TELLO ;Av. Via de Evitamiento N∞ 1397 - Tarapoto;042 25 1575;"998 156 188
997 615 609";grupogerser@hotmail.com;SECTOR CONSTRUCCI‡N Y/O CONEXOS;Venta de Agregados y Materiales de Construccion
201;10444100261;EBER CASTREJON LOZANO ;Ferreteria;Eber Castrejon Lozano;Jr. Tahuantinsuyo N¯317 - Tarapoto;no tiene;980 288 851;tiendascajamarca@hotmail.com;SECTOR CONSTRUCCI‡N Y/O CONEXOS;Venta de Agregados y Materiales de Construccion
202;20446857283;REPRESENTACIONES JRZ E.I.R.L.;Ferreteria;Marina Zevallos ArÇvalo ;Jr. Alfonso Ugarte # 820 - Tarapoto;042-524458 ;942915946;"zevallos_jrz@hotmail.com
jotirso@hotmail.com";SECTOR CONSTRUCCI‡N Y/O CONEXOS;Venta de Agregados y Materiales de Construccion
203;20404175166;MATERIALES ADITIVOS Y DERIVADOS PARA LA CONSTRUCCION S.R.L.;Ferreteria;Bernard Freddy Ballena Becerra         Willian Arquimedes Ballena Becerra;Jr. Ricardo Palma N∞ 498 - Tarpoto;042-527246;942760422     942620157;freddy.ballena@madec.com.pe    willian.ballena@madec.com.pe     yeslu.madec@gmail.com;SECTOR CONSTRUCCI‡N Y/O CONEXOS;Venta de Agregados y Materiales de Construccion
204;20572283691;CURO GONZALES & ASOCIADOS SRL;Materiales de Construccion y alquiler de maquinaria;Elizabeth del Pilar Curo Gonzales                 Jose Francisco Curo Gonzales;Av. Circunvalacion N∞ 613 - Tarapoto;;932506060;elicurog@gmail.com     josecuro2424@gmail.com;SECTOR CONSTRUCCI‡N Y/O CONEXOS;Venta de Agregados y Materiales de Construccion
205;20450301214;INDUSTRIAS MAYO  S.A.;Chocolates;Twyggie Annette Dami†n Gronerth ;Jr. Santa Monica # 200 - Tarapoto;042-526573;942 692 718;"tdamian@orquideaperu.com
administracion@orquideaperu.com
chocolatesorquidea@orquideaperu.com";SECTOR COMERCIO EXTERIOR ;Empresas Exportadoras
206;20494028728;CHOCOLATE SAN MARTIN S.A.C;Chocolates;Hilda Garcia Marichi;Jr. 2 de Mayo N∞ 247 - Morales;no tiene;"982 354 706
982 351 103";"chocolatessanmartin@hotmail.com
vira_2810@hotmail.com ";SECTOR COMERCIO EXTERIOR ;Empresas Exportadoras
207;10413056719;ELIZABETH GOMEZ FLORES;Chocolates;Elizabeth Gomez Flores;Jr. San Pablo de la Cruz N∞ 397 ;no tiene;"942 698 708
943 602 896";"ventas@chocolatesnativos.com
egomez@chocolatesnativos.com
hoblitas@chocolatesnativos.com";SECTOR COMERCIO EXTERIOR ;Empresas Exportadoras
208;20446675096;TABACALERA DEL ORIENTE S.A.C;Tabaco y Puros;"Gennaro Lettieri
Reny Rojas Alegria ";Jr. Martinez de Compag§on N∞ 1180;042 52 7911;"942 781 164
942 634 703";"administracion@tabacaleradeloriente.com
gennaro@tabacaleradeloriente.com
info@tabacaleradeloriente.com    ";SECTOR COMERCIO EXTERIOR ;Empresas Exportadoras
209;20531361769;AMAZON CIGARS  & TABACCO S.A.C;Tabaco y Puros;Noelith Chuquisengo Silva;Car. Marginal sur Km. 2.5 Banda de shilcayo;042-52 7877;947 572 567;"amazoncigarstobacco@speedy.com.pe
francesca_buonocore@hotmail.com 
amazoncigars@virgilio.it";SECTOR COMERCIO EXTERIOR ;Empresas Exportadoras
210;20493847342;ASOCIACION DE PRODUCTORAS AGROPECUARIAS MISHKI CACAO;Chocolates;TUANAMA TAPULLIMA MARIA ROSARIO;Jr. Chorrillos S/N (Cdra 3) ? Chazuta;no tiene;"928 183 619
952 802 779
977 249 690";"mishkycacao@gmail.com
mishkycacao@outliook.com";SECTOR COMERCIO EXTERIOR ;Empresas Exportadoras
211;20450266478;SHANANTINA S.A.C.;Sacha Inchi;PAZ MONGE WILBER MICHEL;Jr. Tobias Noriega N∞ 603 - Lamas;no tiene;942 739 096;"shanantina@gmail.com
mpaz@shanantina.com.pe
csanchez@shanantina.com.pe";SECTOR COMERCIO EXTERIOR ;Empresas Exportadoras
212;20450176304ˇ;AGROINDUSTRIAS LAS TRES ROSAS E.I.R.L.;Aceite de Coco;CONDOR DIAZ HERMINIO;Jr. Tarapaca N∞ 498 San Martin - Picota ? Pucacaca;042 783406;968 293 359;agroindustrias_lastres_rosas@hotmail.es;SECTOR COMERCIO EXTERIOR ;Empresas Exportadoras
213;20600593065;CHOCOLATERIA ARTESANAL AMAZONICA SAC;chocolates;MICHELE MOSE LEONI                  GENAARO LETIERI;Jr. Martines de Compag§on N∞ 1220 - Tarapoto;042-522429;997 350 752               942 781 109;michele@chocolateriaartesanalamazonica.com;SECTOR COMERCIO EXTERIOR ;Empresas Exportadoras
214;20450359484;CACAO EL REY INDUSTRIA S.A.C.;Cacao - acopio,Seleccion ,Secado, Tostado y Comerc;Wilder Delgado Llanco                        Miguel Timana Lazo;Av. Via de Evitamiento Cdra. 27 - Banda Shilcayo;;997034994;wdelgado@cacaoelrey.com  administrador@cacaoelrey.com;SECTOR COMERCIO EXTERIOR ;Empresas Exportadoras
215;20601656753;NATURALLY DIVINE AMAZONIA S.A.C.;Cultivo de Otros y Comercializacio de productos naturales;Pim Gerardus Van Den Hoven                     Patricia Hurtado Marengo;Av. Via de Evitamiento N∞ 979 - Tarapoto;042-58573;978001911     995875131;gerencia@naturallydivineperu.com  ventas@naturallydivineperu.com;SECTOR COMERCIO EXTERIOR ;Empresas Exportadoras
216;20493834879;SELVA PERUVIAN E.I.R.L.;Turismo - Hotel;AREVALO ANGULO ANGEL ARNALDO;Psje San Felipe S/N ? Tarapoto;(042)531865;975464923;maderalabrada@hotmail.com;SECTOR TURISMO;Hoteles/Hospedajes
217;20450478068;HOTEL BOCA RATON E.I.R.L.;Turismo - Hotel;EDWIN PUERTA VALDEZ;Jr. Miguel Grau N∞ 151 ? Tarapoto;(042) 531070;942058251/942058253;bocaratontarapoto@hotmail.com;SECTOR TURISMO;Hoteles/Hospedajes
218;20450379914;TARAPOTO HOTEL SUITES S.A.C;Turismo - Hotel;"Norma Irma Herrera Meza
Luis Enrique Olano Cisneros";Jr. Jimenez Pimentel N∞ 1215 - Tarapoto;;999420398;"cepsap2@gmail.com
enrique@notariacisneros.com.pe";SECTOR TURISMO;Hoteles/Hospedajes
219;10010622552;DIAZ MACEDO AMALIA;Turismo . Hospedaje;Diaz Macedo Amalia                                           Darwin Ramon Garcia Diaz;Jr. La Molinera N∞ 377 - Banda de Shilcayo;(042) 529310;942469734;hospedajerealtarapoto@gmail.com                  darwin.gd@outlook.es;SECTOR TURISMO;Hoteles/Hospedajes
220;17446614541;FELICITA GENOVEVA CHUQUIPOMA GRANDEZ ;Turismo - Hospedaje;Felicita Genoveva Chuquipoma Grandez;Jr. Humberto Pinedo Peza N∞ 114 - Morales;(042)508920;942615008;"geni900@hotmail.com
juanzico@hotmail.com ";SECTOR TURISMO;Hoteles/Hospedajes
221;20531595590;INVERSIONES TURISTICAS CASABLANCA E.I.R.L;Turismo - Hospedaje;"Cesar Augusto Noriega Coronado
Carmen Rosa Rocca Olasenciao";Jr. Alegria Arias de Morey N∞ 299 - Tarapoto;042-532380;942487191;casablancacnc@hotmail.com;SECTOR TURISMO;Hoteles/Hospedajes
222;20227553236;CORPORACION TURISTICA AMAZONICA S.A.;Turismo - Hotel;"Lydia Lupis Sid de Gonzales
Eduardo Perez Fasavi";Carret. Marg. Sur  FBT km 3 Bda de Shilcayo;"042-524100
042-524242";993 519 487;"recepcion@puertopalmeras.com.pe
eduardoperez@puertopalmeras.com.pe";SECTOR TURISMO;Hoteles/Hospedajes
223;10010711954;SUCESI‡N INDIVISA REµTEGUI DE BELDA TERESA ;Turismo - Hotel;SUCESI‡N INDIVISA REµTEGUI DE BELDA TERESA ;Jr. Jimenez Pimentel #  126 - Tarapoto;042-525563;965966200;"beldajorge@gmail.com
hsatarapoto@gmail.com";SECTOR TURISMO;Hoteles/Hospedajes
224;10011179512;SARA GUZMAN BARTRA VDA DE L‡PEZ ;Turismo - Hotel;Sara Guzman Bartra Vda de Lopez;Jr. San Martin #  334 - Tarapoto;"042-521012
042-527514
042-525337 ";"942 697 960
942 622 184";"gerencia@hotelcielo.net
ventasyreservas@hotelcielo.net";SECTOR TURISMO;Hoteles/Hospedajes
225;10430201391;LLANIRA ALVARADO JARAMILLO ;Turismo - Hospedaje;Llaniera Alvarado Jaramillo;Jr. Pedro de Urz£a N∞ 287 - Tarapoto;525312;956889952                                     956889972;hostalomaguas_tarapoto@hotmail.com;SECTOR TURISMO;Hoteles/Hospedajes
226;20531481233;CERRO VERDE TARAPOTO HOSTAL  S.A.C.;Turismo - Hostal;"Dorila Ram°rez Soria
Arturo Rodriguez Ramirez";Jr. Augusto B. leguia #  596 - Tarapoto;042-522288;"989 121 120
942 948 880";"soradori@hotmail.com
arkanita@terra.com.pe
arturora1970@gmail.com";SECTOR TURISMO;Hoteles/Hospedajes
227;20601657369;SUMAJ CASA E.I.R.L.;Turismo - Hotel;"Jorge Panduro Ruiz
Teresa Valles Saavedra";Jr. Putumayo Cdra 6 S/N - Sector Tarapotillo;(042) 585323;942947011;"reservas@vivesumaj.com
jorge-gerencia@vivesumaj.com
teresa-gerencia@vivesumaj.com ";SECTOR TURISMO;Hoteles/Hospedajes
228;20542238462;RIO SOL HOTELES S.A.C;Turismo  - Hotel;Oscar Pelaez Rios ;Jr. Jimenez Pimentel N∞ 407 - Tarapoto;(042) 523154;942948204;riosol_tarapotohotel@hotmail.com          ;SECTOR TURISMO;Hoteles/Hospedajes
229;20450158586;UTROPIC S.A.;Turismo - Apart Hotel;Dalmau Gutsens Lluis                       Mendooza Acosta Cistina Lily;Jr. 1 de Abril N∞ 315 - Banda de Shilcayo;042-528383;942936916;"ldalmau@perutresnortes.com
info@tucansuites.com                      cmendoza@utropic.net                info@perutresnortes.com";SECTOR TURISMO;Hoteles/Hospedajes
230;20603120451;INVERSIONES MILIAN TARAPOTO E.I.R.L.;Turismo - Hospedaje;Soto Julca Flor de Liz;Jr. Antonio Raymondi N∞  131 - Tarapoto;(042)590817;984782762;flordeliz.sj@gmail.com;SECTOR TURISMO;Hoteles/Hospedajes
231;20136424867;DERRAMA MAGISTERIAL ;Turismo - Hotel;Leonardo Moreno;Av. Pje. Las flores N∞ 224 - Banda de Shilcayo;(042) 522225                                (042) 525890;984802579;"tarapoto@dmhoteles.pe
eeventos@dmhoteles.pe
lmoreno@dmhoteles.pe";SECTOR TURISMO;Hoteles/Hospedajes
232;20450332446;INVERSIONES TUR÷STICAS BUGANVILLA  S.A.C.;Turismo - Hostal;"Domingo Faustino Hidalgo Marinho 
Santillan Cisneros Rosa";Jr. Pedro de Urz£a N∞  161 - Tarapoto;(042)524817 ;986929576;soldeselva@gmail.com;SECTOR TURISMO;Hoteles/Hospedajes
233;20603053321;CORPORACION TURISTICA MARINA S.A.C.;Turismo - Alojamiento;Javier Marina Lazo                                  Jaime Luis Marina Trigoso                             Luis Felipe Laureano Lozano;Jr. Ricardo Palma N∞ 544 - Banda de Shilcayo;(042) 529028;"978 303 163
985 081 278";"adm.r.ahuashiyacu@gmail.com
javiermarina21@hotmail.com
ji.marinaingenieros@gmail.com  jaimemarinat@hotmail.com";SECTOR TURISMO;Hoteles/Hospedajes
234;20601209889;AMAZON GOLD GRAIN E.I.R.L.;Turismo - Hotel;Chinguel Santos  Franklin;Jr. Rioja N∞ 357 - Tarapoto;(042)  587930;942 036 145;"reservas@amazongoldtravel.com
fctarapoto@gmail.com";SECTOR TURISMO;Hoteles/Hospedajes
235;20450448746;PLAZA INVEST S.R.L.;Turismo - Hotel y transporte;Da Cruz Cam  Ramon  Arturo; Jr. Jimenez Pimentel N∞ 115 - Tarapoto;"(042) 52 4213
(042) 3416 48";"972514699
942870737";"admin@hoteltarapoto.com
rdc@hoteltarapoto.com
martim1130@gmail.com";SECTOR TURISMO;Hoteles/Hospedajes
236;20494089352;ROYAL KERKUS SERVIIOS GENERALES S.A.C.;Turismo - Hotel;Edwar Hoyos Perez                                  Diana Nu§ez Santisteban;Jr. Alfonso Ugarte N∞ 2157 - Tarapoto;(042) 523342               (042) 590513;942628519   944418385   942710805;royalkerkushotel@hotmail.com  edwarhoyosperez@gmail.com miafer1214@gmail.com;SECTOR TURISMO;Hoteles/Hospedajes
237;2040434707;CORPORACION HOTELERA DEL ORIENTE S.A.C. - HOTEL NILAS;Turismo - Hotel;Javier Saavedra Delgado;Jr. Moyobamba N∞ 173 - Tarapoto;(042) 527331                 (042) 527332;922947345  942943913;oficina@hotelnilas.com javiersaavedra@hotelnilas.com;SECTOR TURISMO;Hoteles/Hospedajes
238;10009666261;TEODORO LLANOS SARMIENTO;Turismo - Hotel;Teodoro Llanos Sarmiento;Jr. Lima N∞ 579 - Tarapoto;042 588678;992810819         968833838;reservas@hotelsuisui.com administracion@gmail.com hotelsuiui@gmail.com;SECTOR TURISMO;Hoteles/Hospedajes
239;20494136539;1ER PUERTO -RESTAURANT S.A.C;Restaurant - Cevicheria;"Robles Vasquez Edie Ricardo
Igor Garcia del Aguila ";Jr. Ramirez Hurtado N∞ 461 - Tarapoto;(042) 524328;"976 532 080
964 570 492";primer_puerto@hotmail.com                   ;SECTOR TURISMO;"Restaurant""s"
240;10010746308;CHU RUIZ EDWIN ;Restaurant -  Chifa;Chu Ruiz Edwin;Jr. Rioja N∞  252 - Tarapoto;(042) 524393 ;942941300;edu_chu@hotmail.com;SECTOR TURISMO;"Restaurant""s"
241;20531504977;SUCHICHE CAPITAL S.A.C;Restaurant - Pastas Pizza;Nicola Andrea Felice Aznaran ;Jr. Alegria Arias de Morey N∞ 157 - Tarapoto;(042) 524918;986 749 645;nicola.felice.aznaran@gmail.com ;SECTOR TURISMO;"Restaurant""s"
242;20572227279;DON PESCAO E.I.R.L.;Restaurant - Cevicheria;Frank Christian Guerra Lazo ;Jr. Peru N∞ 1001 - Tarapoto;no tiene;942004502;guerralazo31@gmail.com;SECTOR TURISMO;"Restaurant""s"
243;20602190367;CONSORCIO TURISTICO AGUAJAL II S.A.C;Restaurant  Tipico;Greis Kelly Quintana Lopez;Av. Aviacion N∞ 171 - Tarapoto ;(042)525416;996147040;graceql@outloook.es;SECTOR TURISMO;"Restaurant""s"
244;20450158403;RECREO TUR÷STICO MONSEFÈ S.R.L.;Restaurant - Cevicheria;Asuncion Pisfil Custodio;Jr. Abancay N∞ 445 - Tarapoto;(042) 523299;978006752;recreoturisticomonsefusrl@hotmail.com;SECTOR TURISMO;"Restaurant""s"
245;20227736233;SERVICIOS TURISTICOS CARAVANA TROPICAL  E.I.R.L.;Restaurant - Polleria;Juan Manuel Linares Bensimon;Jr. Martinez de Compag§on N∞ 309 - Tarapoto;"042-524084
042- 520400 ";;la-canga@hotmail.com;SECTOR TURISMO;"Restaurant""s"
246;20493813014;INVERSIONES PANBEX S.A.C. ;Restaurant;Monica Pangos Villanueva ;Jr. Alegria Arias de Morey N∞ 298 - Tarapoto;"042-522104
";942822112;chaletvenecia@yahoo.com.pe;SECTOR TURISMO;"Restaurant""s"
247;10729303947;FALCON NOEL JORGE ANTONIO;Restaurant - Cevicheria;Falcon Noel Jorge Antonio;Jr. San Mart°n N∞ 624 - Tarapoto;(042) 58 8998;973543451;j.falconoel91@gmail.com;SECTOR TURISMO;"Restaurant""s"
248;10011217872;FASABI RIVERA RUBI;Restaurant - Caldos, Refrigerios;Fasabi Rivera Rubi;Av. Lima 1390- Tarapoto;042 52 7224;985281533;jalepeve_jack1@hotmail.com ;SECTOR TURISMO;"Restaurant""s"
249;20603188374;AGUCHO SAC;BAR - RESTAURANT;Susana Linares Honorio                Maximiliano Rivero Uzategui;Jr. San Pablo de la Cruz N∞ 298 - Tarapoto;;956395939;montanita.bar.tarapoto@gmail.com   mushqui@gmail.com                         mx.rivero@gmail;SECTOR TURISMO;"Restaurant""s"
250;20600190238;MUSHQUI E.I.R.L.;BAR - RESTAURANT;Susana Linares Honorio                ;Jr. Lamas N∞ 218 - 222 - Tarapoto;;956395939;mushqui@gmail.com        stonewasitaberna@gmail.com;SECTOR TURISMO;"Restaurant""s"
251;20601909511;SERVICIOS TURISTICOS CAMILO MATIAS E.I.R.L.;RESTAURANT;Lissette Valdivieso Sandoval               Lisstte Bartra Valdivieso;Jr. San Pablo de la Cruz N∞ 243 -B - Tarapoto;042-341054;942479090;lissetembv@hotmail.com;SECTOR TURISMO;"Restaurant""s"
252;10403634951;ADELA ZARATE MENDOZA;Restaurant- Sangucheria;Eduardo Vargas  Torrejon;Jr. Alegria Arias de Morey N∞ 235 - Tarapoto;042-530526;995446224;evargas.jec2011@gmail.com;SECTOR TURISMO;"Restaurant""s"
253;10477748134;NICOLA ANDREA FELICE AZNARAN;Restaurant - Polleria;Nicola Andrea Felice Aznaran ;Jr. Moyobamba N∞ 257 - Tarapoto;042-520424;966749645;nicolafelice@almazonica.com;SECTOR TURISMO;"Restaurant""s"
254;20600373961;YACU PARK S.R.L.;Restaurant - Parque;Ramiro Lopez Gomez                            Miguel Timana Lazo;Carret. Fernando Belaunde Terry Km. 2 - Morales;;994696242  942646521;pp_lucho12@hotmail.com dspmega@hotmail.com;SECTOR TURISMO;"Restaurant""s"
255;10010713558;ENMA CASTRO RODRIGUEZ;RECREO TURISTICO;Enma Castro Rodriguez;Jr. Callao S/N - Maceda;;942988263;miguel.mgc31@gmail.com;SECTOR TURISMO;"Restaurant""s"
256;10464316316;JESUS DEIDISON DIAZ RUIZ ;Discoteca;Jesus Deidison Diaz Ruiz;Jr. Alegria arias de Morey N∞ 158 - Tarapoto;no tiene;986954515;jesus_11769@hotmail.com;SECTOR TURISMO;Discotecks
257;20601320551;INVERSIONES DESU S.A.C.;Dicobar;Denis Jesus Vasquez Honorio;Jr. Lamas N∞ 211 -Tarapoto;no tiene;975763631;denisvasho@hotmail.com;SECTOR TURISMO;Discotecks
258;20600250249;GRUPO ZUMATE PERU S.A.C;Coordinacion de Eventos;"Maria Jesus Tuesta Maccuyama
Richard Daniel Andrade Vargas";Jr. Capirona N∞ 280 - Banda de Shilcayo ;;964186598               961022218;"m.tuesta@zumateperu.com
r.andrade@zumateperu.com ";SECTOR TURISMO;Organizadores de Eventos
259;20602848206;VERONIKA SOLAR CATERING & PLANNER S.A.C.;Servicio de Catering;"Karen Veronica Solar Trigoso
Fernando Solar Cabrera";Jr. Miguel Grau N∞ 629 - Tarapoto;;944678217;veronikasolarcatering@gmail.com;SECTOR TURISMO;Organizadores de Eventos
260;20603852983;AGROINDUSTRIAS DULCE MARIA S.A.C;Servicio de Catering;Maria Cecilia Ortiz Bazan;Jr. Ramon Castilla N∞ 247 - Banda de Shilcayo;-;"960 582 188
971 453 199";"e_vasquezve@yahoo.es
agroindustriasalbial@gmail.com";SECTOR TURISMO;Organizadores de Eventos
261;20600108892;BUSINESS BEA-FLOWER S.A.C.;Servicios de Catering y Eventos;Irma Garcia Perez                                                Wilquerson Davila Davila;Jr. Alonso de Alvarado N∞ 284 - Tarapoto;;942926092  943620705;bellaflorperu@hotmail.com     esconasociados@hotmail.com;SECTOR TURISMO;Organizadores de Eventos
262;10448108851;"SAAVEDRA RENGIFO KATHERINE
";Agencia de Viajes;Saavedra Rengifo Katherine ;Jr. Juanjui N¯140 - Tarapoto;no tiene;"950 491 384
943 244 227";"wilkatadventure@gmail.com
kathy240119@gmail.com";SECTOR TURISMO;Agencias de Viajes
263;20450258459;IKARO EIRL;Agencia de Viajes;Hugo Armando Panduro Moncada ;Jr. Alegria Arias de Morey N∞ 435;042- 520336;942610264  /  993320800;"reservas@ikaro.com.pe
hugopanduro@ikaro.com.pe
info@ikaro.com.pe
ikaroperu@hotmail.com";SECTOR TURISMO;Agencias de Viajes
264;20342868844;STAR UP S.A;Aerolinea;Monica Ramirez Silva de Portocarrero;Av. Comandante Espinar N∞ 331 - Miraflores - Lima ;"042-521056
";948645069;"reservastpp@starperu.com
contablilidadtpp@starperu.com";SECTOR TURISMO;Agencias de Viajes
265;20602159320;CIRCUITOS ECOTURISTICOS ALTO SHILCAYO Y ADYACENTES S.R.L.;Servicios Ecoturistico;Juver tuanama Salas;Jr. Tiwinza N∞ 274 - Tarapoto;no tiene;942902852           951533850;ecoturismosaltoshilcayo@gmail.com;SECTOR TURISMO;Viveros Ecologicos
266;10010734121;MERITH RACHEL GARCIA REATEGUI;Heladeria;Merith Rachel Garcia Reategui                      Carolina Alexandra San Mart°n Garcia;Jr. Ramon Castilla N∞ 271 - Tarapoto;(042) 529071;950581516;lamuyunat@hotmail.com               karitoalexandra@hotmail.com ;SECTOR TURISMO;Helader°a
267;20450316246;INVERSIONES TIERRA Y MANANTIAL SAC;Heladeria;Karry Vedrino Lozano Achuy;Jr. Maynas N∞ 234 - Tarapoto;042-58673;986530774;vedrinoachuy@gmail.com;SECTOR TURISMO;Helader°a
